Date,Away Team,Away Score,Home Team,Home Score
2017-4-2,San Francisco Giants,5,Arizona D'Backs,6
2017-4-2,Chicago Cubs,3,St. Louis Cardinals,4
2017-4-2,New York Yankees,3,Tampa Bay Rays,7
2017-4-3,Toronto Blue Jays,2,Baltimore Orioles,3
2017-4-3,Pittsburgh Pirates,3,Boston Red Sox,5
2017-4-3,Philadelphia Phillies,4,Cincinnati Reds,3
2017-4-3,Seattle Mariners,0,Houston Astros,3
2017-4-3,Colorado Rockies,7,Milwaukee Brewers,5
2017-4-3,Kansas City Royals,1,Minnesota Twins,7
2017-4-3,Atlanta Braves,0,New York Mets,6
2017-4-3,Los Angeles Angels,2,Oakland Athletics,4
2017-4-3,Cleveland Indians,8,Texas Rangers,5
2017-4-3,Miami Marlins,2,Washington Nationals,4
2017-4-4,San Francisco Giants,8,Arizona D'Backs,4
2017-4-4,Detroit Tigers,6,Chicago White Sox,3
2017-4-4,Seattle Mariners,1,Houston Astros,2
2017-4-4,San Diego Padres,4,Los Angeles Dodgers,0
2017-4-4,Colorado Rockies,6,Milwaukee Brewers,5
2017-4-4,Los Angeles Angels,7,Oakland Athletics,6
2017-4-4,Chicago Cubs,2,St. Louis Cardinals,1
2017-4-4,New York Yankees,5,Tampa Bay Rays,0
2017-4-4,Cleveland Indians,4,Texas Rangers,3
2017-4-5,San Francisco Giants,6,Arizona D'Backs,8
2017-4-5,Toronto Blue Jays,1,Baltimore Orioles,3
2017-4-5,Pittsburgh Pirates,0,Boston Red Sox,3
2017-4-5,Philadelphia Phillies,0,Cincinnati Reds,2
2017-4-5,Seattle Mariners,3,Houston Astros,5
2017-4-5,San Diego Padres,1,Los Angeles Dodgers,3
2017-4-5,Colorado Rockies,1,Milwaukee Brewers,6
2017-4-5,Kansas City Royals,1,Minnesota Twins,9
2017-4-5,Atlanta Braves,3,New York Mets,1
2017-4-5,Los Angeles Angels,5,Oakland Athletics,0
2017-4-5,New York Yankees,1,Tampa Bay Rays,4
2017-4-5,Cleveland Indians,9,Texas Rangers,6
2017-4-5,Miami Marlins,4,Washington Nationals,6
2017-4-6,San Francisco Giants,3,Arizona D'Backs,9
2017-4-6,Philadelphia Phillies,4,Cincinnati Reds,7
2017-4-6,Seattle Mariners,4,Houston Astros,2
2017-4-6,Colorado Rockies,2,Milwaukee Brewers,1
2017-4-6,Kansas City Royals,3,Minnesota Twins,5
2017-4-6,Atlanta Braves,2,New York Mets,6
2017-4-6,Los Angeles Angels,1,Oakland Athletics,5
2017-4-6,Chicago Cubs,6,St. Louis Cardinals,4
2017-4-6,Toronto Blue Jays,5,Tampa Bay Rays,2
2017-4-6,Miami Marlins,4,Washington Nationals,3
2017-4-7,Seattle Mariners,1,Los Angeles Angels,5
2017-4-7,Cleveland Indians,3,Arizona D'Backs,7
2017-4-7,New York Yankees,5,Baltimore Orioles,6
2017-4-7,Minnesota Twins,3,Chicago White Sox,1
2017-4-7,Los Angeles Dodgers,1,Colorado Rockies,2
2017-4-7,Boston Red Sox,5,Detroit Tigers,6
2017-4-7,Kansas City Royals,5,Houston Astros,1
2017-4-7,Chicago Cubs,1,Milwaukee Brewers,2
2017-4-7,Miami Marlins,7,New York Mets,2
2017-4-7,Washington Nationals,7,Philadelphia Phillies,6
2017-4-7,Atlanta Braves,4,Pittsburgh Pirates,5
2017-4-7,San Francisco Giants,6,San Diego Padres,7
2017-4-7,Cincinnati Reds,2,St. Louis Cardinals,0
2017-4-8,Seattle Mariners,4,Los Angeles Angels,5
2017-4-8,New York Yankees,4,Baltimore Orioles,5
2017-4-8,Minnesota Twins,2,Chicago White Sox,6
2017-4-8,Los Angeles Dodgers,2,Colorado Rockies,4
2017-4-8,Boston Red Sox,1,Detroit Tigers,4
2017-4-8,Kansas City Royals,7,Houston Astros,3
2017-4-8,Miami Marlins,8,New York Mets,1
2017-4-8,Atlanta Braves,4,Pittsburgh Pirates,6
2017-4-8,San Francisco Giants,1,San Diego Padres,2
2017-4-8,Toronto Blue Jays,2,Tampa Bay Rays,3
2017-4-8,Oakland Athletics,6,Texas Rangers,1
2017-4-9,Cleveland Indians,2,Arizona D'Backs,3
2017-4-9,New York Yankees,7,Baltimore Orioles,3
2017-4-9,Minnesota Twins,4,Chicago White Sox,1
2017-4-9,Boston Red Sox,7,Detroit Tigers,5
2017-4-9,Kansas City Royals,4,Houston Astros,5
2017-4-9,Chicago Cubs,7,Milwaukee Brewers,4
2017-4-9,Miami Marlins,2,New York Mets,5
2017-4-9,Washington Nationals,3,Philadelphia Phillies,4
2017-4-9,Atlanta Braves,5,Pittsburgh Pirates,6
2017-4-9,San Francisco Giants,5,San Diego Padres,3
2017-4-9,Cincinnati Reds,8,St. Louis Cardinals,0
2017-4-9,Toronto Blue Jays,2,Tampa Bay Rays,7
2017-4-9,Oakland Athletics,1,Texas Rangers,8
2017-4-10,Los Angeles Dodgers,2,Chicago Cubs,3
2017-4-10,San Diego Padres,5,Colorado Rockies,3
2017-4-10,Boston Red Sox,1,Detroit Tigers,2
2017-4-10,Oakland Athletics,2,Kansas City Royals,0
2017-4-10,Tampa Bay Rays,1,New York Yankees,8
2017-4-10,New York Mets,4,Philadelphia Phillies,3
2017-4-10,Cincinnati Reds,7,Pittsburgh Pirates,1
2017-4-10,Houston Astros,0,Seattle Mariners,6
2017-4-10,Arizona D'Backs,1,San Francisco Giants,4
2017-4-11,Texas Rangers,5,Los Angeles Angels,6
2017-4-11,Baltimore Orioles,1,Boston Red Sox,8
2017-4-11,Chicago White Sox,1,Cleveland Indians,2
2017-4-11,San Diego Padres,2,Colorado Rockies,3
2017-4-11,Minnesota Twins,1,Detroit Tigers,2
2017-4-11,Atlanta Braves,4,Miami Marlins,8
2017-4-11,Cincinnati Reds,6,Pittsburgh Pirates,2
2017-4-11,Houston Astros,7,Seattle Mariners,5
2017-4-11,Arizona D'Backs,4,San Francisco Giants,3
2017-4-11,Milwaukee Brewers,4,Toronto Blue Jays,3
2017-4-11,St. Louis Cardinals,3,Washington Nationals,8
2017-4-12,Texas Rangers,8,Los Angeles Angels,3
2017-4-12,Los Angeles Dodgers,2,Chicago Cubs,0
2017-4-12,Chicago White Sox,2,Cleveland Indians,1
2017-4-12,San Diego Padres,6,Colorado Rockies,0
2017-4-12,Minnesota Twins,3,Detroit Tigers,5
2017-4-12,Oakland Athletics,8,Kansas City Royals,3
2017-4-12,Atlanta Braves,5,Miami Marlins,4
2017-4-12,Tampa Bay Rays,4,New York Yankees,8
2017-4-12,New York Mets,5,Philadelphia Phillies,4
2017-4-12,Cincinnati Reds,9,Pittsburgh Pirates,2
2017-4-12,Arizona D'Backs,2,San Francisco Giants,6
2017-4-12,Milwaukee Brewers,2,Toronto Blue Jays,0
2017-4-12,St. Louis Cardinals,6,Washington Nationals,1
2017-4-13,Texas Rangers,8,Los Angeles Angels,3
2017-4-13,Pittsburgh Pirates,3,Boston Red Sox,4
2017-4-13,Los Angeles Dodgers,0,Chicago Cubs,4
2017-4-13,Milwaukee Brewers,5,Cincinnati Reds,1
2017-4-13,Oakland Athletics,1,Kansas City Royals,3
2017-4-13,New York Mets,9,Miami Marlins,8
2017-4-13,Tampa Bay Rays,2,New York Yankees,3
2017-4-13,Colorado Rockies,3,San Francisco Giants,1
2017-4-13,Baltimore Orioles,2,Toronto Blue Jays,1
2017-4-14,San Diego Padres,2,Atlanta Braves,5
2017-4-14,Pittsburgh Pirates,4,Chicago Cubs,2
2017-4-14,Detroit Tigers,7,Cleveland Indians,6
2017-4-14,Los Angeles Angels,1,Kansas City Royals,7
2017-4-14,Arizona D'Backs,1,Los Angeles Dodgers,7
2017-4-14,New York Mets,2,Miami Marlins,3
2017-4-14,Chicago White Sox,2,Minnesota Twins,1
2017-4-14,St. Louis Cardinals,3,New York Yankees,4
2017-4-14,Houston Astros,7,Oakland Athletics,2
2017-4-14,Texas Rangers,1,Seattle Mariners,2
2017-4-14,Colorado Rockies,2,San Francisco Giants,8
2017-4-14,Baltimore Orioles,6,Toronto Blue Jays,4
2017-4-14,Philadelphia Phillies,2,Washington Nationals,3
2017-4-15,San Diego Padres,2,Atlanta Braves,4
2017-4-15,Tampa Bay Rays,1,Boston Red Sox,2
2017-4-15,Pittsburgh Pirates,8,Chicago Cubs,7
2017-4-15,Milwaukee Brewers,5,Cincinnati Reds,7
2017-4-15,Los Angeles Angels,2,Kansas City Royals,3
2017-4-15,Arizona D'Backs,4,Los Angeles Dodgers,8
2017-4-15,New York Mets,4,Miami Marlins,5
2017-4-15,Chicago White Sox,0,Minnesota Twins,6
2017-4-15,St. Louis Cardinals,2,New York Yankees,3
2017-4-15,Texas Rangers,0,Seattle Mariners,5
2017-4-15,Colorado Rockies,5,San Francisco Giants,0
2017-4-15,Baltimore Orioles,1,Toronto Blue Jays,2
2017-4-15,Philadelphia Phillies,4,Washington Nationals,2
2017-4-16,San Diego Padres,2,Atlanta Braves,9
2017-4-16,Tampa Bay Rays,5,Boston Red Sox,7
2017-4-16,Pittsburgh Pirates,6,Chicago Cubs,1
2017-4-16,Milwaukee Brewers,4,Cincinnati Reds,2
2017-4-16,Detroit Tigers,4,Cleveland Indians,1
2017-4-16,Los Angeles Angels,0,Kansas City Royals,1
2017-4-16,Arizona D'Backs,3,Los Angeles Dodgers,1
2017-4-16,New York Mets,2,Miami Marlins,4
2017-4-16,Chicago White Sox,3,Minnesota Twins,1
2017-4-16,St. Louis Cardinals,3,New York Yankees,9
2017-4-16,Texas Rangers,7,Seattle Mariners,8
2017-4-16,Colorado Rockies,4,San Francisco Giants,3
2017-4-16,Philadelphia Phillies,4,Washington Nationals,6
2017-4-17,San Diego Padres,4,Atlanta Braves,5
2017-4-17,Tampa Bay Rays,3,Boston Red Sox,4
2017-4-17,Milwaukee Brewers,6,Chicago Cubs,3
2017-4-17,Los Angeles Angels,0,Houston Astros,3
2017-4-17,Arizona D'Backs,4,Los Angeles Dodgers,2
2017-4-17,Cleveland Indians,3,Minnesota Twins,1
2017-4-17,Chicago White Sox,4,New York Yankees,7
2017-4-17,Texas Rangers,7,Oakland Athletics,0
2017-4-17,Miami Marlins,1,Seattle Mariners,6
2017-4-17,Pittsburgh Pirates,1,St. Louis Cardinals,2
2017-4-18,Washington Nationals,3,Atlanta Braves,1
2017-4-18,Milwaukee Brewers,7,Chicago Cubs,9
2017-4-18,Baltimore Orioles,3,Cincinnati Reds,9
2017-4-18,Los Angeles Angels,5,Houston Astros,2
2017-4-18,San Francisco Giants,2,Kansas City Royals,1
2017-4-18,Colorado Rockies,4,Los Angeles Dodgers,3
2017-4-18,Chicago White Sox,4,New York Yankees,1
2017-4-18,Philadelphia Phillies,6,New York Mets,2
2017-4-18,Texas Rangers,2,Oakland Athletics,4
2017-4-18,Miami Marlins,5,Seattle Mariners,0
2017-4-18,Pittsburgh Pirates,1,St. Louis Cardinals,2
2017-4-18,Detroit Tigers,1,Tampa Bay Rays,5
2017-4-18,Boston Red Sox,8,Toronto Blue Jays,7
2017-4-19,Milwaukee Brewers,4,Chicago Cubs,7
2017-4-19,Baltimore Orioles,2,Cincinnati Reds,0
2017-4-19,Los Angeles Angels,1,Houston Astros,5
2017-4-19,San Francisco Giants,0,Kansas City Royals,2
2017-4-19,Colorado Rockies,2,Los Angeles Dodgers,4
2017-4-19,Chicago White Sox,1,New York Yankees,9
2017-4-19,Philadelphia Phillies,4,New York Mets,5
2017-4-19,Texas Rangers,1,Oakland Athletics,9
2017-4-19,Arizona D'Backs,0,San Diego Padres,1
2017-4-19,Pittsburgh Pirates,1,St. Louis Cardinals,2
2017-4-19,Detroit Tigers,7,Tampa Bay Rays,8
2017-4-19,Boston Red Sox,0,Toronto Blue Jays,3
2017-4-20,Washington Nationals,3,Atlanta Braves,2
2017-4-20,Baltimore Orioles,2,Cincinnati Reds,1
2017-4-20,Los Angeles Angels,1,Houston Astros,2
2017-4-20,St. Louis Cardinals,5,Milwaukee Brewers,7
2017-4-20,Cleveland Indians,6,Minnesota Twins,2
2017-4-20,Philadelphia Phillies,6,New York Mets,4
2017-4-20,Seattle Mariners,6,Oakland Athletics,9
2017-4-20,Arizona D'Backs,1,San Diego Padres,4
2017-4-20,Detroit Tigers,1,Tampa Bay Rays,8
2017-4-20,Kansas City Royals,0,Texas Rangers,1
2017-4-20,Boston Red Sox,4,Toronto Blue Jays,1
2017-4-21,Toronto Blue Jays,8,Los Angeles Angels,7
2017-4-21,Boston Red Sox,0,Baltimore Orioles,2
2017-4-21,Cleveland Indians,3,Chicago White Sox,0
2017-4-21,Chicago Cubs,6,Cincinnati Reds,5
2017-4-21,San Francisco Giants,5,Colorado Rockies,6
2017-4-21,St. Louis Cardinals,6,Milwaukee Brewers,3
2017-4-21,Detroit Tigers,3,Minnesota Twins,6
2017-4-21,Washington Nationals,4,New York Mets,3
2017-4-21,Seattle Mariners,1,Oakland Athletics,3
2017-4-21,Atlanta Braves,3,Philadelphia Phillies,4
2017-4-21,New York Yankees,3,Pittsburgh Pirates,6
2017-4-21,Miami Marlins,3,San Diego Padres,5
2017-4-21,Houston Astros,6,Tampa Bay Rays,3
2017-4-21,Kansas City Royals,2,Texas Rangers,6
2017-4-22,Toronto Blue Jays,4,Los Angeles Angels,5
2017-4-22,Boston Red Sox,2,Baltimore Orioles,4
2017-4-22,Cleveland Indians,7,Chicago White Sox,0
2017-4-22,St. Louis Cardinals,4,Milwaukee Brewers,1
2017-4-22,Detroit Tigers,5,Minnesota Twins,4
2017-4-22,Washington Nationals,3,New York Mets,1
2017-4-22,Seattle Mariners,3,Oakland Athletics,4
2017-4-22,Atlanta Braves,3,Philadelphia Phillies,4
2017-4-22,Miami Marlins,6,San Diego Padres,3
2017-4-22,Houston Astros,3,Tampa Bay Rays,6
2017-4-22,Kansas City Royals,1,Texas Rangers,2
2017-4-23,Toronto Blue Jays,6,Los Angeles Angels,2
2017-4-23,Los Angeles Dodgers,6,Arizona D'Backs,2
2017-4-23,Boston Red Sox,6,Baltimore Orioles,2
2017-4-23,Cleveland Indians,2,Chicago White Sox,6
2017-4-23,Chicago Cubs,5,Cincinnati Reds,7
2017-4-23,San Francisco Giants,0,Colorado Rockies,8
2017-4-23,St. Louis Cardinals,6,Milwaukee Brewers,4
2017-4-23,Washington Nationals,6,New York Mets,3
2017-4-23,Atlanta Braves,2,Philadelphia Phillies,5
2017-4-23,New York Yankees,1,Pittsburgh Pirates,2
2017-4-23,Miami Marlins,7,San Diego Padres,3
2017-4-23,Houston Astros,6,Tampa Bay Rays,4
2017-4-23,Kansas City Royals,2,Texas Rangers,5
2017-4-24,Toronto Blue Jays,1,Los Angeles Angels,2
2017-4-24,San Diego Padres,6,Arizona D'Backs,7
2017-4-24,Tampa Bay Rays,3,Baltimore Orioles,6
2017-4-24,Washington Nationals,4,Colorado Rockies,8
2017-4-24,Los Angeles Dodgers,1,San Francisco Giants,2
2017-4-24,Minnesota Twins,3,Texas Rangers,2
2017-4-25,Oakland Athletics,1,Los Angeles Angels,2
2017-4-25,San Diego Padres,3,Arizona D'Backs,9
2017-4-25,Tampa Bay Rays,2,Baltimore Orioles,0
2017-4-25,Houston Astros,4,Cleveland Indians,2
2017-4-25,Cincinnati Reds,1,Milwaukee Brewers,9
2017-4-25,Chicago Cubs,1,Pittsburgh Pirates,0
2017-4-25,Los Angeles Dodgers,2,San Francisco Giants,1
2017-4-25,Toronto Blue Jays,6,St. Louis Cardinals,5
2017-4-25,Minnesota Twins,8,Texas Rangers,1
2017-4-26,Oakland Athletics,5,Los Angeles Angels,8
2017-4-26,San Diego Padres,8,Arizona D'Backs,5
2017-4-26,Tampa Bay Rays,4,Baltimore Orioles,5
2017-4-26,New York Yankees,3,Boston Red Sox,1
2017-4-26,Kansas City Royals,2,Chicago White Sox,5
2017-4-26,Houston Astros,6,Cleveland Indians,7
2017-4-26,Seattle Mariners,8,Detroit Tigers,0
2017-4-26,Cincinnati Reds,4,Milwaukee Brewers,9
2017-4-26,Atlanta Braves,8,New York Mets,2
2017-4-26,Miami Marlins,4,Philadelphia Phillies,7
2017-4-26,Chicago Cubs,5,Pittsburgh Pirates,6
2017-4-26,Los Angeles Dodgers,3,San Francisco Giants,4
2017-4-27,Oakland Athletics,1,Los Angeles Angels,2
2017-4-27,San Diego Padres,2,Arizona D'Backs,6
2017-4-27,New York Yankees,3,Boston Red Sox,0
2017-4-27,Houston Astros,3,Cleveland Indians,4
2017-4-27,Seattle Mariners,2,Detroit Tigers,1
2017-4-27,Atlanta Braves,7,New York Mets,5
2017-4-27,Miami Marlins,2,Philadelphia Phillies,3
2017-4-27,Los Angeles Dodgers,5,San Francisco Giants,1
2017-4-27,Toronto Blue Jays,4,St. Louis Cardinals,8
2017-4-27,Toronto Blue Jays,4,St. Louis Cardinals,6
2017-4-28,Colorado Rockies,3,Arizona D'Backs,1
2017-4-28,Chicago Cubs,4,Boston Red Sox,5
2017-4-28,Seattle Mariners,3,Cleveland Indians,1
2017-4-28,Chicago White Sox,7,Detroit Tigers,3
2017-4-28,Oakland Athletics,4,Houston Astros,9
2017-4-28,Minnesota Twins,6,Kansas City Royals,4
2017-4-28,Philadelphia Phillies,3,Los Angeles Dodgers,5
2017-4-28,San Diego Padres,3,San Francisco Giants,4
2017-4-28,Cincinnati Reds,5,St. Louis Cardinals,7
2017-4-28,Los Angeles Angels,6,Texas Rangers,3
2017-4-28,Tampa Bay Rays,7,Toronto Blue Jays,4
2017-4-28,New York Mets,7,Washington Nationals,5
2017-4-29,Colorado Rockies,7,Arizona D'Backs,6
2017-4-29,Chicago Cubs,7,Boston Red Sox,4
2017-4-29,Seattle Mariners,3,Cleveland Indians,4
2017-4-29,Chicago White Sox,6,Detroit Tigers,4
2017-4-29,Oakland Athletics,2,Houston Astros,1
2017-4-29,Philadelphia Phillies,5,Los Angeles Dodgers,6
2017-4-29,Pittsburgh Pirates,4,Miami Marlins,0
2017-4-29,Los Angeles Angels,3,Texas Rangers,6
2017-4-29,Tampa Bay Rays,1,Toronto Blue Jays,4
2017-4-29,New York Mets,5,Washington Nationals,3
2017-4-30,Colorado Rockies,0,Arizona D'Backs,2
2017-4-30,Chicago Cubs,2,Boston Red Sox,6
2017-4-30,Chicago White Sox,3,Detroit Tigers,7
2017-4-30,Oakland Athletics,2,Houston Astros,7
2017-4-30,Minnesota Twins,7,Kansas City Royals,5
2017-4-30,Philadelphia Phillies,3,Los Angeles Dodgers,5
2017-4-30,Atlanta Braves,3,Milwaukee Brewers,4
2017-4-30,Baltimore Orioles,7,New York Yankees,4
2017-4-30,San Diego Padres,5,San Francisco Giants,2
2017-4-30,Cincinnati Reds,5,St. Louis Cardinals,4
2017-4-30,Los Angeles Angels,5,Texas Rangers,2
2017-4-30,Tampa Bay Rays,1,Toronto Blue Jays,3
2017-5-1,New York Mets,7,Atlanta Braves,5
2017-5-1,Baltimore Orioles,5,Boston Red Sox,2
2017-5-1,Pittsburgh Pirates,3,Cincinnati Reds,4
2017-5-1,Cleveland Indians,1,Detroit Tigers,7
2017-5-1,Texas Rangers,2,Houston Astros,6
2017-5-1,Chicago White Sox,1,Kansas City Royals,6
2017-5-1,San Francisco Giants,4,Los Angeles Dodgers,3
2017-5-1,Tampa Bay Rays,4,Miami Marlins,2
2017-5-1,Toronto Blue Jays,7,New York Yankees,1
2017-5-1,Milwaukee Brewers,7,St. Louis Cardinals,5
2017-5-2,New York Mets,7,Atlanta Braves,9
2017-5-2,Baltimore Orioles,2,Boston Red Sox,5
2017-5-2,Philadelphia Phillies,3,Chicago Cubs,8
2017-5-2,Cleveland Indians,2,Detroit Tigers,5
2017-5-2,Texas Rangers,7,Houston Astros,8
2017-5-2,Chicago White Sox,6,Kansas City Royals,0
2017-5-2,Tampa Bay Rays,3,Miami Marlins,1
2017-5-2,Oakland Athletics,1,Minnesota Twins,9
2017-5-2,Colorado Rockies,2,San Diego Padres,6
2017-5-2,Los Angeles Angels,6,Seattle Mariners,4
2017-5-2,Milwaukee Brewers,1,St. Louis Cardinals,2
2017-5-2,Arizona D'Backs,6,Washington Nationals,3
2017-5-3,Baltimore Orioles,2,Boston Red Sox,4
2017-5-3,Philadelphia Phillies,4,Chicago Cubs,5
2017-5-3,Pittsburgh Pirates,2,Cincinnati Reds,7
2017-5-3,Cleveland Indians,3,Detroit Tigers,2
2017-5-3,Chicago White Sox,1,Kansas City Royals,6
2017-5-3,San Francisco Giants,4,Los Angeles Dodgers,1
2017-5-3,Oakland Athletics,4,Minnesota Twins,7
2017-5-3,Toronto Blue Jays,6,New York Yankees,8
2017-5-3,Los Angeles Angels,7,Seattle Mariners,8
2017-5-3,Arizona D'Backs,1,Washington Nationals,2
2017-5-4,Baltimore Orioles,8,Boston Red Sox,3
2017-5-4,Philadelphia Phillies,4,Chicago Cubs,5
2017-5-4,Pittsburgh Pirates,2,Cincinnati Reds,4
2017-5-4,Chicago White Sox,8,Kansas City Royals,3
2017-5-4,Oakland Athletics,8,Minnesota Twins,5
2017-5-4,Colorado Rockies,3,San Diego Padres,2
2017-5-4,Milwaukee Brewers,5,St. Louis Cardinals,4
2017-5-4,Miami Marlins,1,Tampa Bay Rays,5
2017-5-4,Arizona D'Backs,2,Washington Nationals,4
2017-5-5,Houston Astros,7,Los Angeles Angels,6
2017-5-5,Chicago White Sox,2,Baltimore Orioles,4
2017-5-5,New York Yankees,3,Chicago Cubs,2
2017-5-5,Arizona D'Backs,6,Colorado Rockies,3
2017-5-5,Cleveland Indians,1,Kansas City Royals,3
2017-5-5,Boston Red Sox,3,Minnesota Twins,4
2017-5-5,Miami Marlins,7,New York Mets,8
2017-5-5,Detroit Tigers,7,Oakland Athletics,2
2017-5-5,Washington Nationals,4,Philadelphia Phillies,2
2017-5-5,Milwaukee Brewers,0,Pittsburgh Pirates,4
2017-5-5,Los Angeles Dodgers,8,San Diego Padres,2
2017-5-5,Texas Rangers,3,Seattle Mariners,1
2017-5-5,Toronto Blue Jays,8,Tampa Bay Rays,4
2017-5-6,Houston Astros,1,Los Angeles Angels,2
2017-5-6,St. Louis Cardinals,5,Atlanta Braves,3
2017-5-6,Chicago White Sox,5,Baltimore Orioles,6
2017-5-6,Arizona D'Backs,1,Colorado Rockies,9
2017-5-6,Cleveland Indians,3,Kansas City Royals,1
2017-5-6,Detroit Tigers,5,Oakland Athletics,6
2017-5-6,Washington Nationals,6,Philadelphia Phillies,2
2017-5-6,Milwaukee Brewers,1,Pittsburgh Pirates,2
2017-5-6,Texas Rangers,2,Seattle Mariners,8
2017-5-6,Toronto Blue Jays,1,Tampa Bay Rays,6
2017-5-7,Houston Astros,5,Los Angeles Angels,3
2017-5-7,St. Louis Cardinals,6,Atlanta Braves,4
2017-5-7,Chicago White Sox,0,Baltimore Orioles,4
2017-5-7,New York Yankees,5,Chicago Cubs,4
2017-5-7,San Francisco Giants,0,Cincinnati Reds,4
2017-5-7,Arizona D'Backs,2,Colorado Rockies,5
2017-5-7,Cleveland Indians,1,Kansas City Royals,0
2017-5-7,Miami Marlins,7,New York Mets,0
2017-5-7,Detroit Tigers,6,Oakland Athletics,8
2017-5-7,Washington Nationals,5,Philadelphia Phillies,6
2017-5-7,Milwaukee Brewers,6,Pittsburgh Pirates,2
2017-5-7,Texas Rangers,3,Seattle Mariners,4
2017-5-7,Toronto Blue Jays,2,Tampa Bay Rays,1
2017-5-8,Washington Nationals,4,Baltimore Orioles,6
2017-5-8,St. Louis Cardinals,9,Miami Marlins,4
2017-5-8,San Francisco Giants,3,New York Mets,4
2017-5-8,Los Angeles Angels,2,Oakland Athletics,3
2017-5-8,Texas Rangers,1,San Diego Padres,5
2017-5-8,Kansas City Royals,7,Tampa Bay Rays,3
2017-5-8,Cleveland Indians,2,Toronto Blue Jays,4
2017-5-9,Detroit Tigers,7,Arizona D'Backs,3
2017-5-9,Washington Nationals,4,Baltimore Orioles,5
2017-5-9,Minnesota Twins,7,Chicago White Sox,2
2017-5-9,New York Yankees,3,Cincinnati Reds,5
2017-5-9,Chicago Cubs,8,Colorado Rockies,1
2017-5-9,Atlanta Braves,3,Houston Astros,8
2017-5-9,Pittsburgh Pirates,3,Los Angeles Dodgers,4
2017-5-9,St. Louis Cardinals,6,Miami Marlins,5
2017-5-9,San Francisco Giants,1,New York Mets,6
2017-5-9,Los Angeles Angels,7,Oakland Athletics,3
2017-5-9,Kansas City Royals,7,Tampa Bay Rays,6
2017-5-9,Cleveland Indians,6,Toronto Blue Jays,0
2017-5-10,Detroit Tigers,1,Arizona D'Backs,7
2017-5-10,Chicago Cubs,0,Colorado Rockies,3
2017-5-10,Atlanta Braves,2,Houston Astros,4
2017-5-10,Pittsburgh Pirates,2,Los Angeles Dodgers,5
2017-5-10,St. Louis Cardinals,7,Miami Marlins,5
2017-5-10,Boston Red Sox,4,Milwaukee Brewers,7
2017-5-10,San Francisco Giants,6,New York Mets,5
2017-5-10,Los Angeles Angels,1,Oakland Athletics,3
2017-5-10,San Diego Padres,3,Texas Rangers,4
2017-5-10,Cleveland Indians,7,Toronto Blue Jays,8
2017-5-10,Baltimore Orioles,6,Washington Nationals,7
2017-5-11,Detroit Tigers,7,Los Angeles Angels,1
2017-5-11,Pittsburgh Pirates,1,Arizona D'Backs,2
2017-5-11,Minnesota Twins,7,Chicago White Sox,6
2017-5-11,Boston Red Sox,4,Milwaukee Brewers,1
2017-5-11,Houston Astros,3,New York Yankees,2
2017-5-11,Cincinnati Reds,3,San Francisco Giants,2
2017-5-11,Kansas City Royals,6,Tampa Bay Rays,0
2017-5-11,San Diego Padres,2,Texas Rangers,5
2017-5-11,Seattle Mariners,2,Toronto Blue Jays,7
2017-5-12,Detroit Tigers,0,Los Angeles Angels,7
2017-5-12,Tampa Bay Rays,5,Boston Red Sox,4
2017-5-12,San Diego Padres,6,Chicago White Sox,3
2017-5-12,Minnesota Twins,1,Cleveland Indians,0
2017-5-12,Los Angeles Dodgers,6,Colorado Rockies,2
2017-5-12,Baltimore Orioles,2,Kansas City Royals,3
2017-5-12,Atlanta Braves,8,Miami Marlins,4
2017-5-12,New York Mets,4,Milwaukee Brewers,7
2017-5-12,Houston Astros,5,New York Yankees,1
2017-5-12,Cincinnati Reds,2,San Francisco Giants,3
2017-5-12,Chicago Cubs,3,St. Louis Cardinals,2
2017-5-12,Oakland Athletics,2,Texas Rangers,5
2017-5-12,Seattle Mariners,0,Toronto Blue Jays,4
2017-5-13,Detroit Tigers,4,Los Angeles Angels,3
2017-5-13,Pittsburgh Pirates,4,Arizona D'Backs,3
2017-5-13,Tampa Bay Rays,3,Boston Red Sox,6
2017-5-13,San Diego Padres,4,Chicago White Sox,5
2017-5-13,Minnesota Twins,4,Cleveland Indians,1
2017-5-13,Los Angeles Dodgers,4,Colorado Rockies,0
2017-5-13,Baltimore Orioles,3,Kansas City Royals,4
2017-5-13,Atlanta Braves,3,Miami Marlins,1
2017-5-13,Cincinnati Reds,1,San Francisco Giants,3
2017-5-13,Chicago Cubs,3,St. Louis Cardinals,5
2017-5-13,Oakland Athletics,5,Texas Rangers,6
2017-5-13,Seattle Mariners,2,Toronto Blue Jays,7
2017-5-13,Philadelphia Phillies,4,Washington Nationals,6
2017-5-14,Detroit Tigers,1,Los Angeles Angels,4
2017-5-14,Pittsburgh Pirates,6,Arizona D'Backs,4
2017-5-14,San Diego Padres,3,Chicago White Sox,9
2017-5-14,Minnesota Twins,3,Cleveland Indians,8
2017-5-14,Los Angeles Dodgers,6,Colorado Rockies,9
2017-5-14,Baltimore Orioles,8,Kansas City Royals,9
2017-5-14,Atlanta Braves,1,Miami Marlins,3
2017-5-14,Cincinnati Reds,3,San Francisco Giants,8
2017-5-14,Chicago Cubs,0,St. Louis Cardinals,5
2017-5-14,Oakland Athletics,4,Texas Rangers,6
2017-5-14,Seattle Mariners,2,Toronto Blue Jays,3
2017-5-14,Philadelphia Phillies,4,Washington Nationals,3
2017-5-14,Philadelphia Phillies,5,Washington Nationals,6
2017-5-15,Chicago White Sox,3,Los Angeles Angels,5
2017-5-15,New York Mets,3,Arizona D'Backs,7
2017-5-15,Tampa Bay Rays,7,Cleveland Indians,8
2017-5-15,Houston Astros,7,Miami Marlins,2
2017-5-15,Milwaukee Brewers,5,San Diego Padres,6
2017-5-15,Oakland Athletics,5,Seattle Mariners,6
2017-5-15,Los Angeles Dodgers,4,San Francisco Giants,8
2017-5-16,Chicago White Sox,6,Los Angeles Angels,7
2017-5-16,New York Mets,4,Arizona D'Backs,5
2017-5-16,Cincinnati Reds,5,Chicago Cubs,9
2017-5-16,Tampa Bay Rays,6,Cleveland Indians,4
2017-5-16,New York Yankees,7,Kansas City Royals,1
2017-5-16,Colorado Rockies,7,Minnesota Twins,3
2017-5-16,Washington Nationals,8,Pittsburgh Pirates,4
2017-5-16,Milwaukee Brewers,6,San Diego Padres,2
2017-5-16,Oakland Athletics,9,Seattle Mariners,6
2017-5-16,Los Angeles Dodgers,1,San Francisco Giants,2
2017-5-16,Boston Red Sox,6,St. Louis Cardinals,3
2017-5-16,Philadelphia Phillies,1,Texas Rangers,5
2017-5-16,Atlanta Braves,9,Toronto Blue Jays,5
2017-5-17,New York Mets,4,Arizona D'Backs,5
2017-5-17,Toronto Blue Jays,4,Atlanta Braves,8
2017-5-17,Cincinnati Reds,5,Chicago Cubs,7
2017-5-17,Tampa Bay Rays,7,Cleveland Indians,4
2017-5-17,Baltimore Orioles,4,Detroit Tigers,5
2017-5-17,Houston Astros,3,Miami Marlins,0
2017-5-17,Washington Nationals,1,Pittsburgh Pirates,6
2017-5-17,Milwaukee Brewers,3,San Diego Padres,1
2017-5-17,Oakland Athletics,0,Seattle Mariners,4
2017-5-17,Los Angeles Dodgers,6,San Francisco Giants,1
2017-5-17,Boston Red Sox,5,St. Louis Cardinals,4
2017-5-17,Philadelphia Phillies,3,Texas Rangers,9
2017-5-18,Toronto Blue Jays,9,Atlanta Braves,0
2017-5-18,Cincinnati Reds,5,Chicago Cubs,9
2017-5-18,Baltimore Orioles,5,Detroit Tigers,6
2017-5-18,New York Yankees,1,Kansas City Royals,5
2017-5-18,Miami Marlins,2,Los Angeles Dodgers,7
2017-5-18,Colorado Rockies,5,Minnesota Twins,1
2017-5-18,Colorado Rockies,0,Minnesota Twins,2
2017-5-18,Boston Red Sox,3,Oakland Athletics,8
2017-5-18,Milwaukee Brewers,4,San Diego Padres,2
2017-5-18,Chicago White Sox,4,Seattle Mariners,5
2017-5-18,Philadelphia Phillies,4,Texas Rangers,8
2017-5-19,Washington Nationals,4,Atlanta Braves,7
2017-5-19,Toronto Blue Jays,3,Baltimore Orioles,5
2017-5-19,Milwaukee Brewers,6,Chicago Cubs,3
2017-5-19,Texas Rangers,5,Detroit Tigers,3
2017-5-19,Cleveland Indians,5,Houston Astros,3
2017-5-19,Miami Marlins,2,Los Angeles Dodgers,7
2017-5-19,Kansas City Royals,3,Minnesota Twins,4
2017-5-19,Los Angeles Angels,0,New York Mets,3
2017-5-19,Boston Red Sox,2,Oakland Athletics,3
2017-5-19,Philadelphia Phillies,7,Pittsburgh Pirates,2
2017-5-19,Chicago White Sox,2,Seattle Mariners,1
2017-5-19,San Francisco Giants,6,St. Louis Cardinals,5
2017-5-19,New York Yankees,4,Tampa Bay Rays,5
2017-5-20,Washington Nationals,2,Atlanta Braves,5
2017-5-20,Toronto Blue Jays,5,Baltimore Orioles,7
2017-5-20,Texas Rangers,3,Detroit Tigers,9
2017-5-20,Cleveland Indians,3,Houston Astros,0
2017-5-20,Los Angeles Angels,5,New York Mets,7
2017-5-20,Boston Red Sox,3,Oakland Athletics,8
2017-5-20,Philadelphia Phillies,3,Pittsburgh Pirates,6
2017-5-20,Arizona D'Backs,9,San Diego Padres,1
2017-5-20,San Francisco Giants,3,St. Louis Cardinals,1
2017-5-20,New York Yankees,5,Tampa Bay Rays,9
2017-5-21,Washington Nationals,3,Atlanta Braves,2
2017-5-21,Toronto Blue Jays,3,Baltimore Orioles,1
2017-5-21,Colorado Rockies,6,Cincinnati Reds,4
2017-5-21,Texas Rangers,5,Detroit Tigers,2
2017-5-21,Cleveland Indians,8,Houston Astros,6
2017-5-21,Miami Marlins,3,Los Angeles Dodgers,6
2017-5-21,Kansas City Royals,6,Minnesota Twins,4
2017-5-21,Kansas City Royals,4,Minnesota Twins,8
2017-5-21,Philadelphia Phillies,0,Pittsburgh Pirates,1
2017-5-21,Arizona D'Backs,1,San Diego Padres,5
2017-5-21,Chicago White Sox,8,Seattle Mariners,1
2017-5-21,San Francisco Giants,3,St. Louis Cardinals,8
2017-5-21,New York Yankees,3,Tampa Bay Rays,2
2017-5-22,Chicago White Sox,1,Arizona D'Backs,5
2017-5-22,Pittsburgh Pirates,2,Atlanta Braves,5
2017-5-22,San Francisco Giants,6,Chicago Cubs,4
2017-5-22,Cleveland Indians,1,Cincinnati Reds,5
2017-5-22,Detroit Tigers,0,Houston Astros,1
2017-5-22,Kansas City Royals,2,New York Yankees,4
2017-5-22,Colorado Rockies,8,Philadelphia Phillies,1
2017-5-22,Los Angeles Angels,3,Tampa Bay Rays,2
2017-5-23,Chicago White Sox,4,Arizona D'Backs,5
2017-5-23,Pittsburgh Pirates,5,Atlanta Braves,6
2017-5-23,Minnesota Twins,2,Baltimore Orioles,0
2017-5-23,San Francisco Giants,1,Chicago Cubs,4
2017-5-23,Cleveland Indians,8,Cincinnati Reds,7
2017-5-23,Detroit Tigers,2,Houston Astros,6
2017-5-23,St. Louis Cardinals,1,Los Angeles Dodgers,2
2017-5-23,Toronto Blue Jays,4,Milwaukee Brewers,3
2017-5-23,Kansas City Royals,6,New York Yankees,2
2017-5-23,San Diego Padres,3,New York Mets,9
2017-5-23,Colorado Rockies,8,Philadelphia Phillies,2
2017-5-23,Los Angeles Angels,4,Tampa Bay Rays,0
2017-5-24,Chicago White Sox,6,Arizona D'Backs,8
2017-5-24,Minnesota Twins,4,Baltimore Orioles,3
2017-5-24,Texas Rangers,4,Boston Red Sox,9
2017-5-24,San Francisco Giants,4,Chicago Cubs,5
2017-5-24,Cincinnati Reds,4,Cleveland Indians,3
2017-5-24,Detroit Tigers,6,Houston Astros,3
2017-5-24,St. Louis Cardinals,6,Los Angeles Dodgers,1
2017-5-24,Toronto Blue Jays,8,Milwaukee Brewers,4
2017-5-24,Kansas City Royals,0,New York Yankees,3
2017-5-24,San Diego Padres,6,New York Mets,5
2017-5-24,Miami Marlins,1,Oakland Athletics,4
2017-5-24,Colorado Rockies,7,Philadelphia Phillies,2
2017-5-24,Los Angeles Angels,2,Tampa Bay Rays,5
2017-5-24,Seattle Mariners,1,Washington Nationals,5
2017-5-25,Pittsburgh Pirates,9,Atlanta Braves,4
2017-5-25,Texas Rangers,2,Boston Red Sox,6
2017-5-25,San Francisco Giants,1,Chicago Cubs,5
2017-5-25,Detroit Tigers,6,Houston Astros,7
2017-5-25,St. Louis Cardinals,3,Los Angeles Dodgers,7
2017-5-25,Arizona D'Backs,4,Milwaukee Brewers,0
2017-5-25,San Diego Padres,4,New York Mets,3
2017-5-25,Colorado Rockies,1,Philadelphia Phillies,2
2017-5-25,Los Angeles Angels,0,Tampa Bay Rays,4
2017-5-25,Seattle Mariners,4,Washington Nationals,2
2017-5-26,Seattle Mariners,0,Boston Red Sox,3
2017-5-26,Detroit Tigers,2,Chicago White Sox,8
2017-5-26,Kansas City Royals,6,Cleveland Indians,4
2017-5-26,Baltimore Orioles,0,Houston Astros,2
2017-5-26,Chicago Cubs,0,Los Angeles Dodgers,4
2017-5-26,Los Angeles Angels,5,Miami Marlins,8
2017-5-26,Arizona D'Backs,4,Milwaukee Brewers,2
2017-5-26,Tampa Bay Rays,5,Minnesota Twins,2
2017-5-26,Oakland Athletics,4,New York Yankees,1
2017-5-26,Cincinnati Reds,5,Philadelphia Phillies,2
2017-5-26,New York Mets,8,Pittsburgh Pirates,1
2017-5-26,Atlanta Braves,2,San Francisco Giants,0
2017-5-26,Texas Rangers,6,Toronto Blue Jays,7
2017-5-26,San Diego Padres,1,Washington Nationals,5
2017-5-27,Seattle Mariners,0,Boston Red Sox,6
2017-5-27,Detroit Tigers,0,Chicago White Sox,3
2017-5-27,Detroit Tigers,4,Chicago White Sox,3
2017-5-27,Kansas City Royals,5,Cleveland Indians,2
2017-5-27,St. Louis Cardinals,3,Colorado Rockies,0
2017-5-27,Baltimore Orioles,2,Houston Astros,5
2017-5-27,Chicago Cubs,0,Los Angeles Dodgers,5
2017-5-27,Los Angeles Angels,5,Miami Marlins,2
2017-5-27,Arizona D'Backs,1,Milwaukee Brewers,6
2017-5-27,Tampa Bay Rays,3,Minnesota Twins,5
2017-5-27,Oakland Athletics,2,New York Yankees,3
2017-5-27,Cincinnati Reds,3,Philadelphia Phillies,4
2017-5-27,New York Mets,4,Pittsburgh Pirates,5
2017-5-27,Atlanta Braves,3,San Francisco Giants,6
2017-5-27,Texas Rangers,1,Toronto Blue Jays,3
2017-5-27,San Diego Padres,0,Washington Nationals,3
2017-5-28,Seattle Mariners,5,Boston Red Sox,0
2017-5-28,Detroit Tigers,3,Chicago White Sox,7
2017-5-28,St. Louis Cardinals,4,Colorado Rockies,8
2017-5-28,Baltimore Orioles,4,Houston Astros,8
2017-5-28,Chicago Cubs,4,Los Angeles Dodgers,9
2017-5-28,Los Angeles Angels,2,Miami Marlins,9
2017-5-28,Arizona D'Backs,5,Milwaukee Brewers,9
2017-5-28,Tampa Bay Rays,8,Minnesota Twins,6
2017-5-28,Oakland Athletics,5,New York Yankees,9
2017-5-28,Cincinnati Reds,8,Philadelphia Phillies,4
2017-5-28,New York Mets,7,Pittsburgh Pirates,2
2017-5-28,Atlanta Braves,1,San Francisco Giants,7
2017-5-28,Texas Rangers,3,Toronto Blue Jays,1
2017-5-28,San Diego Padres,5,Washington Nationals,3
2017-5-29,Atlanta Braves,6,Los Angeles Angels,3
2017-5-29,New York Yankees,2,Baltimore Orioles,3
2017-5-29,Boston Red Sox,4,Chicago White Sox,5
2017-5-29,Oakland Athletics,3,Cleveland Indians,5
2017-5-29,Seattle Mariners,6,Colorado Rockies,5
2017-5-29,Philadelphia Phillies,1,Miami Marlins,4
2017-5-29,Milwaukee Brewers,2,New York Mets,4
2017-5-29,Arizona D'Backs,3,Pittsburgh Pirates,4
2017-5-29,Chicago Cubs,2,San Diego Padres,5
2017-5-29,Washington Nationals,3,San Francisco Giants,0
2017-5-29,Los Angeles Dodgers,5,St. Louis Cardinals,1
2017-5-30,Atlanta Braves,3,Los Angeles Angels,9
2017-5-30,New York Yankees,8,Baltimore Orioles,3
2017-5-30,Oakland Athletics,4,Cleveland Indians,9
2017-5-30,Detroit Tigers,0,Kansas City Royals,1
2017-5-30,Philadelphia Phillies,2,Miami Marlins,7
2017-5-30,Houston Astros,7,Minnesota Twins,2
2017-5-30,Milwaukee Brewers,4,New York Mets,5
2017-5-30,Arizona D'Backs,3,Pittsburgh Pirates,0
2017-5-30,Chicago Cubs,2,San Diego Padres,6
2017-5-30,Washington Nationals,6,San Francisco Giants,3
2017-5-30,Los Angeles Dodgers,9,St. Louis Cardinals,4
2017-5-30,Tampa Bay Rays,5,Texas Rangers,9
2017-5-30,Cincinnati Reds,4,Toronto Blue Jays,6
2017-5-31,Atlanta Braves,1,Los Angeles Angels,2
2017-5-31,Boston Red Sox,4,Chicago White Sox,1
2017-5-31,Oakland Athletics,3,Cleveland Indians,1
2017-5-31,Detroit Tigers,6,Kansas City Royals,5
2017-5-31,Milwaukee Brewers,7,New York Mets,1
2017-5-31,Arizona D'Backs,6,Pittsburgh Pirates,5
2017-5-31,Chicago Cubs,1,San Diego Padres,2
2017-5-31,Colorado Rockies,0,Seattle Mariners,5
2017-5-31,Washington Nationals,3,San Francisco Giants,1
2017-5-31,Los Angeles Dodgers,1,St. Louis Cardinals,2
2017-5-31,Tampa Bay Rays,7,Texas Rangers,5
2017-5-31,Cincinnati Reds,4,Toronto Blue Jays,5
2017-6-1,Minnesota Twins,4,Los Angeles Angels,2
2017-6-1,Boston Red Sox,5,Baltimore Orioles,7
2017-6-1,Oakland Athletics,0,Cleveland Indians,8
2017-6-1,Arizona D'Backs,3,Miami Marlins,2
2017-6-1,Milwaukee Brewers,2,New York Mets,1
2017-6-1,Colorado Rockies,6,Seattle Mariners,3
2017-6-1,Los Angeles Dodgers,0,St. Louis Cardinals,2
2017-6-2,Boston Red Sox,2,Baltimore Orioles,3
2017-6-2,St. Louis Cardinals,2,Chicago Cubs,3
2017-6-2,Atlanta Braves,2,Cincinnati Reds,3
2017-6-2,Cleveland Indians,0,Kansas City Royals,4
2017-6-2,Arizona D'Backs,5,Miami Marlins,7
2017-6-2,Los Angeles Dodgers,2,Milwaukee Brewers,1
2017-6-2,Colorado Rockies,5,San Diego Padres,8
2017-6-2,Houston Astros,7,Texas Rangers,1
2017-6-2,New York Yankees,5,Toronto Blue Jays,7
2017-6-3,Minnesota Twins,2,Los Angeles Angels,7
2017-6-3,Boston Red Sox,5,Baltimore Orioles,2
2017-6-3,St. Louis Cardinals,3,Chicago Cubs,5
2017-6-3,Atlanta Braves,6,Cincinnati Reds,5
2017-6-3,Arizona D'Backs,0,Miami Marlins,3
2017-6-3,Pittsburgh Pirates,2,New York Mets,4
2017-6-3,San Francisco Giants,3,Philadelphia Phillies,5
2017-6-3,Tampa Bay Rays,2,Seattle Mariners,9
2017-6-3,Houston Astros,6,Texas Rangers,5
2017-6-3,New York Yankees,7,Toronto Blue Jays,0
2017-6-4,Minnesota Twins,3,Los Angeles Angels,2
2017-6-4,Boston Red Sox,7,Baltimore Orioles,3
2017-6-4,St. Louis Cardinals,6,Chicago Cubs,7
2017-6-4,Chicago White Sox,4,Detroit Tigers,7
2017-6-4,Cleveland Indians,8,Kansas City Royals,0
2017-6-4,Arizona D'Backs,5,Miami Marlins,6
2017-6-4,Los Angeles Dodgers,0,Milwaukee Brewers,3
2017-6-4,San Francisco Giants,7,Philadelphia Phillies,9
2017-6-4,Colorado Rockies,3,San Diego Padres,1
2017-6-4,Tampa Bay Rays,1,Seattle Mariners,7
2017-6-4,Houston Astros,7,Texas Rangers,2
2017-6-4,New York Yankees,2,Toronto Blue Jays,3
2017-6-5,Miami Marlins,1,Chicago Cubs,3
2017-6-5,St. Louis Cardinals,2,Cincinnati Reds,4
2017-6-5,Houston Astros,7,Kansas City Royals,3
2017-6-5,Washington Nationals,4,Los Angeles Dodgers,2
2017-6-5,San Francisco Giants,7,Milwaukee Brewers,2
2017-6-5,Toronto Blue Jays,3,Oakland Athletics,5
2017-6-6,Philadelphia Phillies,3,Atlanta Braves,1
2017-6-6,Pittsburgh Pirates,5,Baltimore Orioles,6
2017-6-6,Los Angeles Angels,5,Detroit Tigers,3
2017-6-6,Houston Astros,7,Kansas City Royals,9
2017-6-6,Washington Nationals,2,Los Angeles Dodgers,1
2017-6-6,San Francisco Giants,2,Milwaukee Brewers,5
2017-6-6,Boston Red Sox,5,New York Yankees,4
2017-6-6,Toronto Blue Jays,1,Oakland Athletics,4
2017-6-6,Chicago White Sox,4,Tampa Bay Rays,2
2017-6-7,San Diego Padres,4,Arizona D'Backs,7
2017-6-7,Pittsburgh Pirates,6,Baltimore Orioles,9
2017-6-7,Miami Marlins,6,Chicago Cubs,5
2017-6-7,St. Louis Cardinals,4,Cincinnati Reds,6
2017-6-7,Cleveland Indians,1,Colorado Rockies,8
2017-6-7,Los Angeles Angels,0,Detroit Tigers,4
2017-6-7,Houston Astros,5,Kansas City Royals,7
2017-6-7,Washington Nationals,1,Los Angeles Dodgers,2
2017-6-7,San Francisco Giants,3,Milwaukee Brewers,6
2017-6-7,Boston Red Sox,0,New York Yankees,8
2017-6-7,Toronto Blue Jays,7,Oakland Athletics,5
2017-6-7,Minnesota Twins,5,Seattle Mariners,6
2017-6-7,Chicago White Sox,1,Tampa Bay Rays,3
2017-6-7,New York Mets,4,Texas Rangers,3
2017-6-8,Philadelphia Phillies,1,Atlanta Braves,3
2017-6-8,Colorado Rockies,4,Chicago Cubs,1
2017-6-8,St. Louis Cardinals,2,Cincinnati Reds,5
2017-6-8,Houston Astros,6,Kansas City Royals,1
2017-6-8,San Francisco Giants,9,Milwaukee Brewers,5
2017-6-8,Boston Red Sox,1,New York Yankees,9
2017-6-8,Miami Marlins,7,Pittsburgh Pirates,1
2017-6-8,Minnesota Twins,2,Seattle Mariners,1
2017-6-8,Chicago White Sox,5,Tampa Bay Rays,7
2017-6-8,Baltimore Orioles,1,Washington Nationals,6
2017-6-9,Milwaukee Brewers,8,Arizona D'Backs,6
2017-6-9,New York Mets,2,Atlanta Braves,3
2017-6-9,Detroit Tigers,3,Boston Red Sox,5
2017-6-9,Colorado Rockies,5,Chicago Cubs,3
2017-6-9,Chicago White Sox,3,Cleveland Indians,7
2017-6-9,Los Angeles Angels,9,Houston Astros,4
2017-6-9,Cincinnati Reds,2,Los Angeles Dodgers,7
2017-6-9,Baltimore Orioles,2,New York Yankees,8
2017-6-9,Kansas City Royals,3,San Diego Padres,6
2017-6-9,Toronto Blue Jays,2,Seattle Mariners,4
2017-6-9,Minnesota Twins,4,San Francisco Giants,0
2017-6-9,Philadelphia Phillies,2,St. Louis Cardinals,3
2017-6-9,Texas Rangers,5,Washington Nationals,2
2017-6-10,Milwaukee Brewers,2,Arizona D'Backs,3
2017-6-10,New York Mets,6,Atlanta Braves,1
2017-6-10,New York Mets,8,Atlanta Braves,1
2017-6-10,Colorado Rockies,9,Chicago Cubs,1
2017-6-10,Chicago White Sox,5,Cleveland Indians,3
2017-6-10,Los Angeles Angels,1,Houston Astros,3
2017-6-10,Cincinnati Reds,4,Los Angeles Dodgers,5
2017-6-10,Miami Marlins,6,Pittsburgh Pirates,7
2017-6-10,Toronto Blue Jays,4,Seattle Mariners,2
2017-6-10,Minnesota Twins,3,San Francisco Giants,2
2017-6-10,Philadelphia Phillies,0,St. Louis Cardinals,7
2017-6-10,Oakland Athletics,5,Tampa Bay Rays,6
2017-6-10,Oakland Athletics,7,Tampa Bay Rays,2
2017-6-10,Texas Rangers,6,Washington Nationals,3
2017-6-11,New York Mets,2,Atlanta Braves,1
2017-6-11,Detroit Tigers,8,Boston Red Sox,3
2017-6-11,Colorado Rockies,5,Chicago Cubs,7
2017-6-11,Chicago White Sox,2,Cleveland Indians,4
2017-6-11,Cincinnati Reds,7,Los Angeles Dodgers,9
2017-6-11,Miami Marlins,1,Pittsburgh Pirates,3
2017-6-11,Kansas City Royals,8,San Diego Padres,3
2017-6-11,Toronto Blue Jays,4,Seattle Mariners,0
2017-6-11,Philadelphia Phillies,5,St. Louis Cardinals,6
2017-6-11,Oakland Athletics,4,Tampa Bay Rays,5
2017-6-11,Texas Rangers,5,Washington Nationals,1
2017-6-12,New York Yankees,5,Los Angeles Angels,3
2017-6-12,Philadelphia Phillies,5,Boston Red Sox,6
2017-6-12,Texas Rangers,6,Houston Astros,1
2017-6-12,Chicago Cubs,1,New York Mets,6
2017-6-12,Colorado Rockies,2,Pittsburgh Pirates,7
2017-6-12,Cincinnati Reds,3,San Diego Padres,9
2017-6-13,New York Yankees,2,Los Angeles Angels,3
2017-6-13,Philadelphia Phillies,3,Boston Red Sox,4
2017-6-13,Baltimore Orioles,1,Chicago White Sox,6
2017-6-13,Los Angeles Dodgers,7,Cleveland Indians,5
2017-6-13,Arizona D'Backs,7,Detroit Tigers,6
2017-6-13,Texas Rangers,4,Houston Astros,2
2017-6-13,Oakland Athletics,1,Miami Marlins,8
2017-6-13,Colorado Rockies,2,Pittsburgh Pirates,5
2017-6-13,Cincinnati Reds,2,San Diego Padres,6
2017-6-13,Kansas City Royals,8,San Francisco Giants,1
2017-6-13,Milwaukee Brewers,0,St. Louis Cardinals,6
2017-6-13,Milwaukee Brewers,8,St. Louis Cardinals,5
2017-6-13,Tampa Bay Rays,8,Toronto Blue Jays,1
2017-6-14,New York Yankees,5,Los Angeles Angels,7
2017-6-14,Los Angeles Dodgers,6,Cleveland Indians,4
2017-6-14,Arizona D'Backs,2,Detroit Tigers,1
2017-6-14,Seattle Mariners,6,Minnesota Twins,4
2017-6-14,Chicago Cubs,4,New York Mets,9
2017-6-14,Boston Red Sox,7,Philadelphia Phillies,3
2017-6-14,Colorado Rockies,5,Pittsburgh Pirates,1
2017-6-14,Cincinnati Reds,2,San Diego Padres,4
2017-6-14,Kansas City Royals,7,San Francisco Giants,2
2017-6-14,Milwaukee Brewers,7,St. Louis Cardinals,6
2017-6-14,Tampa Bay Rays,6,Toronto Blue Jays,7
2017-6-15,Kansas City Royals,7,Los Angeles Angels,2
2017-6-15,Baltimore Orioles,2,Chicago White Sox,5
2017-6-15,Tampa Bay Rays,3,Detroit Tigers,5
2017-6-15,Seattle Mariners,2,Minnesota Twins,6
2017-6-15,Washington Nationals,8,New York Mets,3
2017-6-15,New York Yankees,7,Oakland Athletics,8
2017-6-15,Boston Red Sox,0,Philadelphia Phillies,1
2017-6-15,Milwaukee Brewers,6,St. Louis Cardinals,4
2017-6-16,Kansas City Royals,3,Los Angeles Angels,1
2017-6-16,Miami Marlins,5,Atlanta Braves,0
2017-6-16,Los Angeles Dodgers,3,Cincinnati Reds,1
2017-6-16,Boston Red Sox,2,Houston Astros,1
2017-6-16,San Diego Padres,5,Milwaukee Brewers,6
2017-6-16,Cleveland Indians,8,Minnesota Twins,1
2017-6-16,Washington Nationals,7,New York Mets,2
2017-6-16,New York Yankees,6,Oakland Athletics,7
2017-6-16,Arizona D'Backs,5,Philadelphia Phillies,4
2017-6-16,Chicago Cubs,9,Pittsburgh Pirates,5
2017-6-17,Kansas City Royals,0,Los Angeles Angels,9
2017-6-17,Miami Marlins,7,Atlanta Braves,8
2017-6-17,San Francisco Giants,1,Colorado Rockies,5
2017-6-17,Tampa Bay Rays,3,Detroit Tigers,2
2017-6-17,Boston Red Sox,1,Houston Astros,7
2017-6-17,San Diego Padres,7,Milwaukee Brewers,5
2017-6-17,Cleveland Indians,9,Minnesota Twins,3
2017-6-17,Cleveland Indians,6,Minnesota Twins,2
2017-6-17,Washington Nationals,7,New York Mets,4
2017-6-17,New York Yankees,2,Oakland Athletics,5
2017-6-17,Arizona D'Backs,5,Philadelphia Phillies,1
2017-6-17,Chicago Cubs,3,Pittsburgh Pirates,4
2017-6-17,Chicago White Sox,5,Toronto Blue Jays,2
2017-6-18,Kansas City Royals,7,Los Angeles Angels,3
2017-6-18,Miami Marlins,4,Atlanta Braves,5
2017-6-18,St. Louis Cardinals,5,Baltimore Orioles,8
2017-6-18,Los Angeles Dodgers,8,Cincinnati Reds,7
2017-6-18,San Francisco Giants,5,Colorado Rockies,7
2017-6-18,Tampa Bay Rays,9,Detroit Tigers,1
2017-6-18,Boston Red Sox,6,Houston Astros,5
2017-6-18,San Diego Padres,1,Milwaukee Brewers,2
2017-6-18,Cleveland Indians,5,Minnesota Twins,2
2017-6-18,Washington Nationals,1,New York Mets,5
2017-6-18,New York Yankees,3,Oakland Athletics,4
2017-6-18,Arizona D'Backs,5,Philadelphia Phillies,4
2017-6-18,Chicago Cubs,7,Pittsburgh Pirates,1
2017-6-18,Seattle Mariners,7,Texas Rangers,3
2017-6-18,Chicago White Sox,3,Toronto Blue Jays,7
2017-6-19,San Francisco Giants,0,Atlanta Braves,9
2017-6-19,San Diego Padres,2,Chicago Cubs,3
2017-6-19,Boston Red Sox,2,Kansas City Royals,4
2017-6-19,Washington Nationals,7,Miami Marlins,8
2017-6-19,Pittsburgh Pirates,8,Milwaukee Brewers,1
2017-6-19,Houston Astros,4,Oakland Athletics,1
2017-6-19,Detroit Tigers,2,Seattle Mariners,6
2017-6-19,Cincinnati Reds,7,Tampa Bay Rays,3
2017-6-19,Toronto Blue Jays,7,Texas Rangers,6
2017-6-20,San Francisco Giants,6,Atlanta Braves,3
2017-6-20,Cleveland Indians,5,Baltimore Orioles,6
2017-6-20,San Diego Padres,0,Chicago Cubs,4
2017-6-20,Arizona D'Backs,3,Colorado Rockies,4
2017-6-20,Boston Red Sox,8,Kansas City Royals,3
2017-6-20,Pittsburgh Pirates,7,Milwaukee Brewers,3
2017-6-20,Chicago White Sox,7,Minnesota Twins,9
2017-6-20,Los Angeles Angels,8,New York Yankees,3
2017-6-20,Houston Astros,8,Oakland Athletics,4
2017-6-20,St. Louis Cardinals,8,Philadelphia Phillies,1
2017-6-20,Detroit Tigers,4,Seattle Mariners,5
2017-6-20,Cincinnati Reds,5,Tampa Bay Rays,6
2017-6-20,Toronto Blue Jays,1,Texas Rangers,6
2017-6-21,San Francisco Giants,3,Atlanta Braves,5
2017-6-21,Cleveland Indians,5,Baltimore Orioles,1
2017-6-21,San Diego Padres,3,Chicago Cubs,2
2017-6-21,Boston Red Sox,4,Kansas City Royals,6
2017-6-21,New York Mets,2,Los Angeles Dodgers,8
2017-6-21,Washington Nationals,1,Miami Marlins,2
2017-6-21,Pittsburgh Pirates,3,Milwaukee Brewers,4
2017-6-21,Chicago White Sox,2,Minnesota Twins,4
2017-6-21,Los Angeles Angels,4,New York Yankees,8
2017-6-21,Houston Astros,5,Oakland Athletics,1
2017-6-21,St. Louis Cardinals,7,Philadelphia Phillies,6
2017-6-21,Detroit Tigers,5,Seattle Mariners,7
2017-6-21,Cincinnati Reds,3,Tampa Bay Rays,8
2017-6-21,Toronto Blue Jays,7,Texas Rangers,5
2017-6-22,Cleveland Indians,6,Baltimore Orioles,3
2017-6-22,New York Mets,3,Los Angeles Dodgers,6
2017-6-22,Pittsburgh Pirates,2,Milwaukee Brewers,4
2017-6-22,Chicago White Sox,9,Minnesota Twins,0
2017-6-22,St. Louis Cardinals,1,Philadelphia Phillies,5
2017-6-22,Detroit Tigers,6,Seattle Mariners,9
2017-6-23,Philadelphia Phillies,6,Arizona D'Backs,1
2017-6-23,Milwaukee Brewers,4,Atlanta Braves,5
2017-6-23,Los Angeles Angels,4,Boston Red Sox,9
2017-6-23,Oakland Athletics,3,Chicago White Sox,0
2017-6-23,Minnesota Twins,5,Cleveland Indians,0
2017-6-23,Toronto Blue Jays,4,Kansas City Royals,5
2017-6-23,Colorado Rockies,1,Los Angeles Dodgers,6
2017-6-23,Chicago Cubs,0,Miami Marlins,2
2017-6-23,Texas Rangers,1,New York Yankees,2
2017-6-23,Detroit Tigers,0,San Diego Padres,1
2017-6-23,Pittsburgh Pirates,4,St. Louis Cardinals,3
2017-6-23,Cincinnati Reds,5,Washington Nationals,6
2017-6-24,Philadelphia Phillies,2,Arizona D'Backs,9
2017-6-24,Milwaukee Brewers,1,Atlanta Braves,3
2017-6-24,Los Angeles Angels,6,Boston Red Sox,3
2017-6-24,Minnesota Twins,4,Cleveland Indians,2
2017-6-24,Toronto Blue Jays,2,Kansas City Royals,3
2017-6-24,Colorado Rockies,0,Los Angeles Dodgers,4
2017-6-24,Chicago Cubs,5,Miami Marlins,3
2017-6-24,Texas Rangers,8,New York Yankees,1
2017-6-24,Detroit Tigers,3,San Diego Padres,7
2017-6-24,Houston Astros,5,Seattle Mariners,2
2017-6-24,New York Mets,5,San Francisco Giants,2
2017-6-24,Pittsburgh Pirates,7,St. Louis Cardinals,3
2017-6-24,Baltimore Orioles,8,Tampa Bay Rays,3
2017-6-25,Philadelphia Phillies,1,Arizona D'Backs,2
2017-6-25,Milwaukee Brewers,7,Atlanta Braves,0
2017-6-25,Los Angeles Angels,4,Boston Red Sox,2
2017-6-25,Oakland Athletics,5,Chicago White Sox,3
2017-6-25,Minnesota Twins,4,Cleveland Indians,0
2017-6-25,Toronto Blue Jays,8,Kansas City Royals,2
2017-6-25,Chicago Cubs,2,Miami Marlins,4
2017-6-25,Texas Rangers,7,New York Yankees,6
2017-6-25,Detroit Tigers,7,San Diego Padres,5
2017-6-25,Houston Astros,8,Seattle Mariners,2
2017-6-25,New York Mets,8,San Francisco Giants,2
2017-6-25,Pittsburgh Pirates,4,St. Louis Cardinals,8
2017-6-25,Baltimore Orioles,8,Tampa Bay Rays,5
2017-6-25,Cincinnati Reds,6,Washington Nationals,2
2017-6-26,Philadelphia Phillies,1,Arizona D'Backs,6
2017-6-26,Minnesota Twins,1,Boston Red Sox,4
2017-6-26,New York Yankees,6,Chicago White Sox,5
2017-6-26,Los Angeles Angels,4,Los Angeles Dodgers,0
2017-6-26,Colorado Rockies,2,San Francisco Giants,9
2017-6-26,Cincinnati Reds,2,St. Louis Cardinals,8
2017-6-26,Chicago Cubs,5,Washington Nationals,4
2017-6-27,St. Louis Cardinals,5,Arizona D'Backs,6
2017-6-27,Minnesota Twins,2,Boston Red Sox,9
2017-6-27,New York Yankees,3,Chicago White Sox,4
2017-6-27,Milwaukee Brewers,6,Cincinnati Reds,8
2017-6-27,Texas Rangers,2,Cleveland Indians,1
2017-6-27,Kansas City Royals,3,Detroit Tigers,5
2017-6-27,Oakland Athletics,6,Houston Astros,4
2017-6-27,Los Angeles Angels,0,Los Angeles Dodgers,4
2017-6-27,New York Mets,3,Miami Marlins,6
2017-6-27,Tampa Bay Rays,4,Pittsburgh Pirates,2
2017-6-27,Atlanta Braves,3,San Diego Padres,0
2017-6-27,Philadelphia Phillies,8,Seattle Mariners,2
2017-6-27,Colorado Rockies,3,San Francisco Giants,4
2017-6-27,Baltimore Orioles,3,Toronto Blue Jays,1
2017-6-27,Chicago Cubs,1,Washington Nationals,6
2017-6-28,Los Angeles Dodgers,2,Los Angeles Angels,3
2017-6-28,St. Louis Cardinals,4,Arizona D'Backs,3
2017-6-28,Minnesota Twins,4,Boston Red Sox,1
2017-6-28,Milwaukee Brewers,3,Cincinnati Reds,4
2017-6-28,Texas Rangers,3,Cleveland Indians,5
2017-6-28,Kansas City Royals,8,Detroit Tigers,2
2017-6-28,New York Mets,8,Miami Marlins,0
2017-6-28,Tampa Bay Rays,2,Pittsburgh Pirates,6
2017-6-28,Atlanta Braves,4,San Diego Padres,7
2017-6-28,Philadelphia Phillies,5,Seattle Mariners,4
2017-6-28,Colorado Rockies,3,San Francisco Giants,5
2017-6-28,Baltimore Orioles,0,Toronto Blue Jays,4
2017-6-28,Chicago Cubs,4,Washington Nationals,8
2017-6-29,Los Angeles Dodgers,6,Los Angeles Angels,2
2017-6-29,Minnesota Twins,3,Boston Red Sox,6
2017-6-29,New York Yankees,3,Chicago White Sox,4
2017-6-29,Texas Rangers,1,Cleveland Indians,5
2017-6-29,Kansas City Royals,3,Detroit Tigers,7
2017-6-29,Oakland Athletics,1,Houston Astros,6
2017-6-29,New York Mets,6,Miami Marlins,3
2017-6-29,Tampa Bay Rays,0,Pittsburgh Pirates,4
2017-6-29,Atlanta Braves,0,San Diego Padres,6
2017-6-29,Baltimore Orioles,2,Toronto Blue Jays,0
2017-6-29,Chicago Cubs,5,Washington Nationals,4
2017-6-30,Colorado Rockies,6,Arizona D'Backs,3
2017-6-30,Tampa Bay Rays,6,Baltimore Orioles,4
2017-6-30,Texas Rangers,7,Chicago White Sox,8
2017-6-30,Chicago Cubs,0,Cincinnati Reds,5
2017-6-30,Minnesota Twins,1,Kansas City Royals,8
2017-6-30,Miami Marlins,2,Milwaukee Brewers,3
2017-6-30,Philadelphia Phillies,1,New York Mets,2
2017-6-30,Atlanta Braves,3,Oakland Athletics,1
2017-6-30,Washington Nationals,1,St. Louis Cardinals,8
2017-6-30,Boston Red Sox,7,Toronto Blue Jays,4
2017-7-1,Seattle Mariners,0,Los Angeles Angels,4
2017-7-1,Colorado Rockies,2,Arizona D'Backs,6
2017-7-1,Chicago Cubs,3,Cincinnati Reds,5
2017-7-1,Cleveland Indians,4,Detroit Tigers,7
2017-7-1,Cleveland Indians,4,Detroit Tigers,1
2017-7-1,New York Yankees,6,Houston Astros,7
2017-7-1,Miami Marlins,4,Milwaukee Brewers,8
2017-7-1,Philadelphia Phillies,6,New York Mets,7
2017-7-1,Atlanta Braves,4,Oakland Athletics,3
2017-7-1,San Francisco Giants,2,Pittsburgh Pirates,1
2017-7-1,Los Angeles Dodgers,8,San Diego Padres,0
2017-7-1,Washington Nationals,1,St. Louis Cardinals,2
2017-7-1,Boston Red Sox,7,Toronto Blue Jays,1
2017-7-2,Seattle Mariners,5,Los Angeles Angels,3
2017-7-2,Colorado Rockies,3,Arizona D'Backs,4
2017-7-2,Tampa Bay Rays,1,Baltimore Orioles,7
2017-7-2,Texas Rangers,5,Chicago White Sox,6
2017-7-2,Chicago Cubs,6,Cincinnati Reds,2
2017-7-2,New York Yankees,1,Houston Astros,8
2017-7-2,Minnesota Twins,2,Kansas City Royals,6
2017-7-2,Philadelphia Phillies,7,New York Mets,1
2017-7-2,Atlanta Braves,4,Oakland Athletics,3
2017-7-2,San Francisco Giants,5,Pittsburgh Pirates,3
2017-7-2,Los Angeles Dodgers,3,San Diego Padres,5
2017-7-2,Washington Nationals,7,St. Louis Cardinals,2
2017-7-3,Cincinnati Reds,3,Colorado Rockies,5
2017-7-3,Baltimore Orioles,1,Milwaukee Brewers,8
2017-7-3,Los Angeles Angels,5,Minnesota Twins,9
2017-7-3,Toronto Blue Jays,3,New York Yankees,6
2017-7-3,Chicago White Sox,7,Oakland Athletics,2
2017-7-3,Pittsburgh Pirates,0,Philadelphia Phillies,4
2017-7-3,Kansas City Royals,3,Seattle Mariners,1
2017-7-3,Boston Red Sox,7,Texas Rangers,5
2017-7-3,New York Mets,2,Washington Nationals,3
2017-7-4,Tampa Bay Rays,6,Chicago Cubs,5
2017-7-4,San Diego Padres,1,Cleveland Indians,0
2017-7-4,Cincinnati Reds,8,Colorado Rockies,1
2017-7-4,San Francisco Giants,3,Detroit Tigers,5
2017-7-4,Arizona D'Backs,3,Los Angeles Dodgers,4
2017-7-4,Baltimore Orioles,2,Milwaukee Brewers,6
2017-7-4,Los Angeles Angels,4,Minnesota Twins,5
2017-7-4,Toronto Blue Jays,4,New York Yankees,1
2017-7-4,Chicago White Sox,6,Oakland Athletics,7
2017-7-4,Pittsburgh Pirates,3,Philadelphia Phillies,0
2017-7-4,Kansas City Royals,7,Seattle Mariners,3
2017-7-4,Miami Marlins,5,St. Louis Cardinals,2
2017-7-5,Tampa Bay Rays,3,Chicago Cubs,7
2017-7-5,San Diego Padres,6,Cleveland Indians,2
2017-7-5,Cincinnati Reds,3,Colorado Rockies,5
2017-7-5,San Francisco Giants,5,Detroit Tigers,4
2017-7-5,Arizona D'Backs,0,Los Angeles Dodgers,1
2017-7-5,Baltimore Orioles,0,Milwaukee Brewers,4
2017-7-5,Los Angeles Angels,2,Minnesota Twins,1
2017-7-5,Toronto Blue Jays,7,New York Yankees,6
2017-7-5,Chicago White Sox,4,Oakland Athletics,7
2017-7-5,Pittsburgh Pirates,5,Philadelphia Phillies,2
2017-7-5,Kansas City Royals,9,Seattle Mariners,6
2017-7-5,Miami Marlins,9,St. Louis Cardinals,6
2017-7-5,Boston Red Sox,2,Texas Rangers,8
2017-7-6,Cincinnati Reds,6,Colorado Rockies,3
2017-7-6,San Francisco Giants,2,Detroit Tigers,6
2017-7-6,Arizona D'Backs,4,Los Angeles Dodgers,5
2017-7-6,Baltimore Orioles,4,Minnesota Twins,6
2017-7-6,Pittsburgh Pirates,6,Philadelphia Phillies,3
2017-7-6,Oakland Athletics,7,Seattle Mariners,4
2017-7-6,Miami Marlins,3,St. Louis Cardinals,4
2017-7-6,Boston Red Sox,1,Tampa Bay Rays,4
2017-7-6,Houston Astros,4,Toronto Blue Jays,7
2017-7-6,Atlanta Braves,5,Washington Nationals,2
2017-7-7,Cincinnati Reds,3,Arizona D'Backs,6
2017-7-7,Pittsburgh Pirates,1,Chicago Cubs,6
2017-7-7,Kansas City Royals,1,Los Angeles Dodgers,4
2017-7-7,Baltimore Orioles,6,Minnesota Twins,9
2017-7-7,Milwaukee Brewers,9,New York Yankees,4
2017-7-7,San Diego Padres,4,Philadelphia Phillies,3
2017-7-7,Oakland Athletics,2,Seattle Mariners,7
2017-7-7,Miami Marlins,6,San Francisco Giants,1
2017-7-7,New York Mets,6,St. Louis Cardinals,5
2017-7-7,Boston Red Sox,8,Tampa Bay Rays,3
2017-7-7,Atlanta Braves,4,Washington Nationals,5
2017-7-8,Cincinnati Reds,7,Arizona D'Backs,0
2017-7-8,Pittsburgh Pirates,4,Chicago Cubs,2
2017-7-8,Detroit Tigers,0,Cleveland Indians,4
2017-7-8,Chicago White Sox,5,Colorado Rockies,4
2017-7-8,Kansas City Royals,4,Los Angeles Dodgers,5
2017-7-8,Baltimore Orioles,5,Minnesota Twins,1
2017-7-8,Milwaukee Brewers,3,New York Yankees,5
2017-7-8,San Diego Padres,2,Philadelphia Phillies,1
2017-7-8,Oakland Athletics,4,Seattle Mariners,3
2017-7-8,Miami Marlins,5,San Francisco Giants,4
2017-7-8,New York Mets,1,St. Louis Cardinals,4
2017-7-8,Boston Red Sox,0,Tampa Bay Rays,1
2017-7-8,Los Angeles Angels,2,Texas Rangers,5
2017-7-8,Houston Astros,2,Toronto Blue Jays,7
2017-7-9,Cincinnati Reds,2,Arizona D'Backs,1
2017-7-9,Detroit Tigers,5,Cleveland Indians,3
2017-7-9,Kansas City Royals,2,Los Angeles Dodgers,5
2017-7-9,Milwaukee Brewers,5,New York Yankees,3
2017-7-9,San Diego Padres,1,Philadelphia Phillies,7
2017-7-9,Oakland Athletics,0,Seattle Mariners,4
2017-7-9,New York Mets,0,St. Louis Cardinals,6
2017-7-9,Boston Red Sox,3,Tampa Bay Rays,5
2017-7-9,Los Angeles Angels,3,Texas Rangers,0
2017-7-14,Tampa Bay Rays,2,Los Angeles Angels,1
2017-7-14,Arizona D'Backs,3,Atlanta Braves,4
2017-7-14,Chicago Cubs,9,Baltimore Orioles,8
2017-7-14,New York Yankees,4,Boston Red Sox,5
2017-7-14,Seattle Mariners,4,Chicago White Sox,2
2017-7-14,Washington Nationals,5,Cincinnati Reds,0
2017-7-14,Toronto Blue Jays,7,Detroit Tigers,2
2017-7-14,Texas Rangers,5,Kansas City Royals,3
2017-7-14,Los Angeles Dodgers,6,Miami Marlins,4
2017-7-14,Philadelphia Phillies,6,Milwaukee Brewers,9
2017-7-14,Cleveland Indians,0,Oakland Athletics,5
2017-7-14,St. Louis Cardinals,2,Pittsburgh Pirates,5
2017-7-14,San Francisco Giants,5,San Diego Padres,4
2017-7-15,Tampa Bay Rays,6,Los Angeles Angels,3
2017-7-15,Arizona D'Backs,5,Atlanta Braves,8
2017-7-15,New York Yankees,4,Boston Red Sox,1
2017-7-15,Seattle Mariners,4,Chicago White Sox,3
2017-7-15,Minnesota Twins,4,Houston Astros,2
2017-7-15,Texas Rangers,1,Kansas City Royals,0
2017-7-15,Los Angeles Dodgers,7,Miami Marlins,1
2017-7-15,Philadelphia Phillies,2,Milwaukee Brewers,3
2017-7-15,Colorado Rockies,3,New York Mets,9
2017-7-15,Cleveland Indians,3,Oakland Athletics,5
2017-7-15,St. Louis Cardinals,4,Pittsburgh Pirates,0
2017-7-15,San Francisco Giants,3,San Diego Padres,5
2017-7-16,Tampa Bay Rays,3,Los Angeles Angels,4
2017-7-16,Arizona D'Backs,1,Atlanta Braves,7
2017-7-16,Chicago Cubs,8,Baltimore Orioles,0
2017-7-16,New York Yankees,3,Boston Red Sox,0
2017-7-16,New York Yankees,0,Boston Red Sox,3
2017-7-16,Seattle Mariners,7,Chicago White Sox,6
2017-7-16,Toronto Blue Jays,5,Detroit Tigers,6
2017-7-16,Minnesota Twins,3,Houston Astros,5
2017-7-16,Texas Rangers,3,Kansas City Royals,4
2017-7-16,Los Angeles Dodgers,3,Miami Marlins,2
2017-7-16,Philadelphia Phillies,5,Milwaukee Brewers,2
2017-7-16,Cleveland Indians,3,Oakland Athletics,7
2017-7-16,St. Louis Cardinals,3,Pittsburgh Pirates,4
2017-7-16,San Francisco Giants,1,San Diego Padres,7
2017-7-17,Chicago Cubs,4,Atlanta Braves,3
2017-7-17,Texas Rangers,1,Baltimore Orioles,3
2017-7-17,Toronto Blue Jays,4,Boston Red Sox,3
2017-7-17,Washington Nationals,6,Cincinnati Reds,1
2017-7-17,San Diego Padres,6,Colorado Rockies,9
2017-7-17,Seattle Mariners,9,Houston Astros,7
2017-7-17,Philadelphia Phillies,5,Miami Marlins,6
2017-7-17,New York Yankees,2,Minnesota Twins,4
2017-7-17,St. Louis Cardinals,6,New York Mets,3
2017-7-17,Tampa Bay Rays,3,Oakland Athletics,2
2017-7-17,Milwaukee Brewers,2,Pittsburgh Pirates,4
2017-7-17,Cleveland Indians,5,San Francisco Giants,3
2017-7-18,Washington Nationals,4,Los Angeles Angels,3
2017-7-18,Chicago Cubs,5,Atlanta Braves,1
2017-7-18,Toronto Blue Jays,4,Boston Red Sox,5
2017-7-18,Los Angeles Dodgers,1,Chicago White Sox,0
2017-7-18,San Diego Padres,7,Colorado Rockies,9
2017-7-18,Seattle Mariners,2,Houston Astros,6
2017-7-18,Detroit Tigers,9,Kansas City Royals,3
2017-7-18,Philadelphia Phillies,5,Miami Marlins,2
2017-7-18,New York Yankees,6,Minnesota Twins,3
2017-7-18,St. Louis Cardinals,5,New York Mets,0
2017-7-18,Tampa Bay Rays,4,Oakland Athletics,3
2017-7-18,Milwaukee Brewers,3,Pittsburgh Pirates,4
2017-7-18,Cleveland Indians,1,San Francisco Giants,2
2017-7-19,Washington Nationals,0,Los Angeles Angels,7
2017-7-19,Chicago Cubs,8,Atlanta Braves,2
2017-7-19,Toronto Blue Jays,1,Boston Red Sox,5
2017-7-19,Los Angeles Dodgers,9,Chicago White Sox,1
2017-7-19,Arizona D'Backs,3,Cincinnati Reds,4
2017-7-19,Seattle Mariners,4,Houston Astros,1
2017-7-19,Detroit Tigers,3,Kansas City Royals,4
2017-7-19,New York Yankees,1,Minnesota Twins,6
2017-7-19,St. Louis Cardinals,3,New York Mets,7
2017-7-19,Tampa Bay Rays,2,Oakland Athletics,7
2017-7-19,Milwaukee Brewers,2,Pittsburgh Pirates,3
2017-7-19,Cleveland Indians,4,San Francisco Giants,5
2017-7-20,Texas Rangers,7,Baltimore Orioles,9
2017-7-20,Toronto Blue Jays,8,Boston Red Sox,6
2017-7-20,Atlanta Braves,6,Los Angeles Dodgers,3
2017-7-20,St. Louis Cardinals,2,New York Mets,3
2017-7-20,Milwaukee Brewers,2,Pittsburgh Pirates,4
2017-7-20,New York Yankees,4,Seattle Mariners,1
2017-7-20,San Diego Padres,5,San Francisco Giants,2
2017-7-21,Boston Red Sox,6,Los Angeles Angels,2
2017-7-21,Washington Nationals,5,Arizona D'Backs,6
2017-7-21,Houston Astros,8,Baltimore Orioles,7
2017-7-21,Miami Marlins,3,Cincinnati Reds,1
2017-7-21,Chicago White Sox,6,Kansas City Royals,7
2017-7-21,Detroit Tigers,6,Minnesota Twins,3
2017-7-21,Oakland Athletics,5,New York Mets,7
2017-7-21,Milwaukee Brewers,1,Philadelphia Phillies,6
2017-7-21,New York Yankees,5,Seattle Mariners,1
2017-7-21,Texas Rangers,4,Tampa Bay Rays,3
2017-7-22,Boston Red Sox,3,Los Angeles Angels,7
2017-7-22,Washington Nationals,4,Arizona D'Backs,3
2017-7-22,Houston Astros,8,Baltimore Orioles,4
2017-7-22,St. Louis Cardinals,2,Chicago Cubs,3
2017-7-22,Miami Marlins,5,Cincinnati Reds,4
2017-7-22,Toronto Blue Jays,1,Cleveland Indians,2
2017-7-22,Pittsburgh Pirates,3,Colorado Rockies,7
2017-7-22,Chicago White Sox,2,Kansas City Royals,7
2017-7-22,Atlanta Braves,2,Los Angeles Dodgers,6
2017-7-22,Detroit Tigers,5,Minnesota Twins,6
2017-7-22,Oakland Athletics,5,New York Mets,6
2017-7-22,Milwaukee Brewers,9,Philadelphia Phillies,8
2017-7-22,New York Yankees,5,Seattle Mariners,6
2017-7-22,San Diego Padres,4,San Francisco Giants,5
2017-7-22,Texas Rangers,4,Tampa Bay Rays,3
2017-7-23,Boston Red Sox,2,Los Angeles Angels,3
2017-7-23,Washington Nationals,6,Arizona D'Backs,2
2017-7-23,Houston Astros,7,Baltimore Orioles,9
2017-7-23,St. Louis Cardinals,3,Chicago Cubs,5
2017-7-23,Miami Marlins,3,Cincinnati Reds,6
2017-7-23,Toronto Blue Jays,1,Cleveland Indians,8
2017-7-23,Chicago White Sox,4,Kansas City Royals,5
2017-7-23,Atlanta Braves,4,Los Angeles Dodgers,5
2017-7-23,Detroit Tigers,9,Minnesota Twins,6
2017-7-23,Oakland Athletics,3,New York Mets,2
2017-7-23,Milwaukee Brewers,3,Philadelphia Phillies,6
2017-7-23,New York Yankees,6,Seattle Mariners,4
2017-7-23,San Diego Padres,5,San Francisco Giants,2
2017-7-23,Texas Rangers,6,Tampa Bay Rays,5
2017-7-24,Chicago White Sox,3,Chicago Cubs,1
2017-7-24,Cincinnati Reds,2,Cleveland Indians,6
2017-7-24,Kansas City Royals,5,Detroit Tigers,3
2017-7-24,Minnesota Twins,4,Los Angeles Dodgers,6
2017-7-24,New York Mets,5,San Diego Padres,3
2017-7-24,Boston Red Sox,0,Seattle Mariners,4
2017-7-24,Colorado Rockies,2,St. Louis Cardinals,8
2017-7-24,Baltimore Orioles,5,Tampa Bay Rays,0
2017-7-24,Miami Marlins,4,Texas Rangers,0
2017-7-24,Oakland Athletics,2,Toronto Blue Jays,4
2017-7-25,Atlanta Braves,8,Arizona D'Backs,3
2017-7-25,Chicago White Sox,2,Chicago Cubs,7
2017-7-25,Kansas City Royals,3,Detroit Tigers,1
2017-7-25,Minnesota Twins,2,Los Angeles Dodgers,6
2017-7-25,Cincinnati Reds,2,New York Yankees,4
2017-7-25,Houston Astros,5,Philadelphia Phillies,0
2017-7-25,New York Mets,6,San Diego Padres,5
2017-7-25,Boston Red Sox,5,Seattle Mariners,6
2017-7-25,Colorado Rockies,2,St. Louis Cardinals,3
2017-7-25,Baltimore Orioles,4,Tampa Bay Rays,5
2017-7-25,Oakland Athletics,1,Toronto Blue Jays,4
2017-7-25,Milwaukee Brewers,8,Washington Nationals,0
2017-7-26,Chicago Cubs,8,Chicago White Sox,3
2017-7-26,Minnesota Twins,5,Los Angeles Dodgers,6
2017-7-26,Cincinnati Reds,5,New York Yankees,9
2017-7-26,Houston Astros,0,Philadelphia Phillies,9
2017-7-26,New York Mets,3,San Diego Padres,6
2017-7-26,Boston Red Sox,4,Seattle Mariners,0
2017-7-26,Pittsburgh Pirates,1,San Francisco Giants,2
2017-7-26,Baltimore Orioles,1,Tampa Bay Rays,5
2017-7-26,Oakland Athletics,2,Toronto Blue Jays,3
2017-7-26,Milwaukee Brewers,5,Washington Nationals,8
2017-7-27,Chicago Cubs,6,Chicago White Sox,3
2017-7-27,Los Angeles Angels,1,Cleveland Indians,2
2017-7-27,Cincinnati Reds,1,Miami Marlins,4
2017-7-27,Tampa Bay Rays,5,New York Yankees,6
2017-7-27,New York Mets,5,San Diego Padres,7
2017-7-27,Arizona D'Backs,4,St. Louis Cardinals,0
2017-7-27,Oakland Athletics,4,Toronto Blue Jays,8
2017-7-28,Kansas City Royals,4,Boston Red Sox,2
2017-7-28,Cleveland Indians,9,Chicago White Sox,3
2017-7-28,Houston Astros,6,Detroit Tigers,5
2017-7-28,San Francisco Giants,4,Los Angeles Dodgers,6
2017-7-28,Cincinnati Reds,4,Miami Marlins,7
2017-7-28,Chicago Cubs,1,Milwaukee Brewers,2
2017-7-28,Tampa Bay Rays,1,New York Yankees,6
2017-7-28,Minnesota Twins,6,Oakland Athletics,3
2017-7-28,Pittsburgh Pirates,2,San Diego Padres,3
2017-7-28,New York Mets,7,Seattle Mariners,5
2017-7-28,Arizona D'Backs,0,St. Louis Cardinals,1
2017-7-28,Baltimore Orioles,2,Texas Rangers,8
2017-7-28,Los Angeles Angels,7,Toronto Blue Jays,2
2017-7-29,Kansas City Royals,8,Boston Red Sox,9
2017-7-29,Cleveland Indians,5,Chicago White Sox,4
2017-7-29,Houston Astros,3,Detroit Tigers,5
2017-7-29,San Francisco Giants,1,Los Angeles Dodgers,2
2017-7-29,Cincinnati Reds,3,Miami Marlins,7
2017-7-29,Chicago Cubs,2,Milwaukee Brewers,1
2017-7-29,Tampa Bay Rays,4,New York Yankees,5
2017-7-29,Minnesota Twins,4,Oakland Athletics,5
2017-7-29,Atlanta Braves,3,Philadelphia Phillies,4
2017-7-29,Pittsburgh Pirates,2,San Diego Padres,4
2017-7-29,New York Mets,2,Seattle Mariners,3
2017-7-29,Arizona D'Backs,7,St. Louis Cardinals,1
2017-7-29,Baltimore Orioles,4,Texas Rangers,0
2017-7-29,Los Angeles Angels,6,Toronto Blue Jays,5
2017-7-29,Colorado Rockies,4,Washington Nationals,2
2017-7-30,Kansas City Royals,5,Boston Red Sox,3
2017-7-30,Cleveland Indians,1,Chicago White Sox,3
2017-7-30,San Francisco Giants,2,Los Angeles Dodgers,3
2017-7-30,Cincinnati Reds,6,Miami Marlins,4
2017-7-30,Chicago Cubs,4,Milwaukee Brewers,2
2017-7-30,Tampa Bay Rays,5,New York Yankees,3
2017-7-30,Minnesota Twins,5,Oakland Athletics,6
2017-7-30,Atlanta Braves,1,Philadelphia Phillies,2
2017-7-30,Pittsburgh Pirates,7,San Diego Padres,1
2017-7-30,New York Mets,1,Seattle Mariners,9
2017-7-30,Arizona D'Backs,2,St. Louis Cardinals,3
2017-7-30,Colorado Rockies,1,Washington Nationals,3
2017-7-31,Kansas City Royals,1,Baltimore Orioles,2
2017-7-31,Cleveland Indians,2,Boston Red Sox,6
2017-7-31,Toronto Blue Jays,6,Chicago White Sox,7
2017-7-31,Washington Nationals,1,Miami Marlins,0
2017-7-31,Detroit Tigers,3,New York Yankees,7
2017-7-31,San Francisco Giants,5,Oakland Athletics,8
2017-7-31,Atlanta Braves,6,Philadelphia Phillies,7
2017-7-31,Seattle Mariners,6,Texas Rangers,4
2017-8-1,Philadelphia Phillies,1,Los Angeles Angels,7
2017-8-1,Los Angeles Dodgers,3,Atlanta Braves,2
2017-8-1,Kansas City Royals,2,Baltimore Orioles,7
2017-8-1,Toronto Blue Jays,8,Chicago White Sox,4
2017-8-1,New York Mets,4,Colorado Rockies,5
2017-8-1,Tampa Bay Rays,6,Houston Astros,4
2017-8-1,Washington Nationals,6,Miami Marlins,7
2017-8-1,St. Louis Cardinals,2,Milwaukee Brewers,3
2017-8-1,Detroit Tigers,4,New York Yankees,3
2017-8-1,Cincinnati Reds,9,Pittsburgh Pirates,1
2017-8-1,Minnesota Twins,0,San Diego Padres,3
2017-8-1,Seattle Mariners,8,Texas Rangers,7
2017-8-2,Philadelphia Phillies,0,Los Angeles Angels,7
2017-8-2,Los Angeles Dodgers,3,Atlanta Braves,5
2017-8-2,Kansas City Royals,0,Baltimore Orioles,6
2017-8-2,Toronto Blue Jays,5,Chicago White Sox,1
2017-8-2,Arizona D'Backs,3,Chicago Cubs,0
2017-8-2,Tampa Bay Rays,3,Houston Astros,0
2017-8-2,Washington Nationals,0,Miami Marlins,7
2017-8-2,St. Louis Cardinals,5,Milwaukee Brewers,4
2017-8-2,Detroit Tigers,2,New York Yankees,0
2017-8-2,Cincinnati Reds,5,Pittsburgh Pirates,2
2017-8-2,Minnesota Twins,5,San Diego Padres,2
2017-8-2,Oakland Athletics,6,San Francisco Giants,1
2017-8-2,Seattle Mariners,1,Texas Rangers,5
2017-8-3,Philadelphia Phillies,4,Los Angeles Angels,5
2017-8-3,Los Angeles Dodgers,7,Atlanta Braves,4
2017-8-3,Detroit Tigers,7,Baltimore Orioles,5
2017-8-3,Chicago White Sox,5,Boston Red Sox,9
2017-8-3,New York Yankees,1,Cleveland Indians,5
2017-8-3,New York Mets,4,Colorado Rockies,5
2017-8-3,Tampa Bay Rays,5,Houston Astros,3
2017-8-3,Seattle Mariners,4,Kansas City Royals,6
2017-8-3,St. Louis Cardinals,1,Milwaukee Brewers,2
2017-8-3,Texas Rangers,4,Minnesota Twins,1
2017-8-3,Cincinnati Reds,0,Pittsburgh Pirates,6
2017-8-4,Oakland Athletics,6,Los Angeles Angels,8
2017-8-4,Miami Marlins,3,Atlanta Braves,5
2017-8-4,Detroit Tigers,5,Baltimore Orioles,2
2017-8-4,Chicago White Sox,2,Boston Red Sox,3
2017-8-4,Washington Nationals,4,Chicago Cubs,2
2017-8-4,St. Louis Cardinals,2,Cincinnati Reds,3
2017-8-4,New York Yankees,2,Cleveland Indians,7
2017-8-4,Philadelphia Phillies,3,Colorado Rockies,4
2017-8-4,Seattle Mariners,5,Kansas City Royals,2
2017-8-4,Texas Rangers,4,Minnesota Twins,8
2017-8-4,Los Angeles Dodgers,6,New York Mets,0
2017-8-4,Arizona D'Backs,2,San Francisco Giants,1
2017-8-4,Milwaukee Brewers,2,Tampa Bay Rays,0
2017-8-5,Oakland Athletics,5,Los Angeles Angels,0
2017-8-5,Miami Marlins,2,Atlanta Braves,7
2017-8-5,Detroit Tigers,2,Baltimore Orioles,5
2017-8-5,Chicago White Sox,1,Boston Red Sox,4
2017-8-5,Washington Nationals,4,Chicago Cubs,7
2017-8-5,St. Louis Cardinals,4,Cincinnati Reds,1
2017-8-5,New York Yankees,2,Cleveland Indians,1
2017-8-5,Philadelphia Phillies,5,Colorado Rockies,8
2017-8-5,Toronto Blue Jays,4,Houston Astros,3
2017-8-5,Texas Rangers,4,Minnesota Twins,1
2017-8-5,Los Angeles Dodgers,7,New York Mets,4
2017-8-5,San Diego Padres,5,Pittsburgh Pirates,2
2017-8-5,Arizona D'Backs,4,San Francisco Giants,5
2017-8-5,Milwaukee Brewers,3,Tampa Bay Rays,0
2017-8-6,Miami Marlins,4,Atlanta Braves,1
2017-8-6,Chicago White Sox,3,Boston Red Sox,6
2017-8-6,Washington Nationals,9,Chicago Cubs,4
2017-8-6,New York Yankees,8,Cleveland Indians,1
2017-8-6,Philadelphia Phillies,3,Colorado Rockies,2
2017-8-6,Toronto Blue Jays,6,Houston Astros,7
2017-8-6,Seattle Mariners,8,Kansas City Royals,7
2017-8-6,Seattle Mariners,1,Kansas City Royals,9
2017-8-6,Texas Rangers,5,Minnesota Twins,6
2017-8-6,Los Angeles Dodgers,8,New York Mets,0
2017-8-6,San Diego Padres,4,Pittsburgh Pirates,5
2017-8-6,Arizona D'Backs,3,San Francisco Giants,6
2017-8-6,Milwaukee Brewers,1,Tampa Bay Rays,2
2017-8-7,Baltimore Orioles,6,Los Angeles Angels,2
2017-8-7,Milwaukee Brewers,4,Minnesota Twins,5
2017-8-7,Detroit Tigers,0,Pittsburgh Pirates,3
2017-8-7,Chicago Cubs,5,San Francisco Giants,3
2017-8-7,Miami Marlins,2,Washington Nationals,3
2017-8-8,Baltimore Orioles,2,Los Angeles Angels,3
2017-8-8,Los Angeles Dodgers,3,Arizona D'Backs,6
2017-8-8,Philadelphia Phillies,5,Atlanta Braves,2
2017-8-8,Houston Astros,5,Chicago White Sox,8
2017-8-8,San Diego Padres,7,Cincinnati Reds,3
2017-8-8,Colorado Rockies,1,Cleveland Indians,4
2017-8-8,Texas Rangers,4,New York Mets,5
2017-8-8,Seattle Mariners,7,Oakland Athletics,6
2017-8-8,Detroit Tigers,3,Pittsburgh Pirates,6
2017-8-8,Chicago Cubs,3,San Francisco Giants,6
2017-8-8,Boston Red Sox,2,Tampa Bay Rays,0
2017-8-8,New York Yankees,2,Toronto Blue Jays,4
2017-8-8,Miami Marlins,7,Washington Nationals,3
2017-8-9,Baltimore Orioles,1,Los Angeles Angels,5
2017-8-9,Los Angeles Dodgers,3,Arizona D'Backs,2
2017-8-9,Philadelphia Phillies,3,Atlanta Braves,2
2017-8-9,Houston Astros,1,Chicago White Sox,7
2017-8-9,San Diego Padres,3,Cincinnati Reds,8
2017-8-9,Colorado Rockies,3,Cleveland Indians,2
2017-8-9,Minnesota Twins,4,Milwaukee Brewers,0
2017-8-9,Texas Rangers,5,New York Mets,1
2017-8-9,Seattle Mariners,6,Oakland Athletics,3
2017-8-9,Chicago Cubs,1,San Francisco Giants,3
2017-8-9,Kansas City Royals,5,St. Louis Cardinals,8
2017-8-9,Boston Red Sox,8,Tampa Bay Rays,2
2017-8-10,Los Angeles Dodgers,8,Arizona D'Backs,6
2017-8-10,Houston Astros,2,Chicago White Sox,3
2017-8-10,Pittsburgh Pirates,7,Detroit Tigers,5
2017-8-10,Minnesota Twins,7,Milwaukee Brewers,2
2017-8-10,Baltimore Orioles,7,Oakland Athletics,2
2017-8-10,Los Angeles Angels,6,Seattle Mariners,3
2017-8-10,Kansas City Royals,6,St. Louis Cardinals,8
2017-8-10,Cleveland Indians,1,Tampa Bay Rays,4
2017-8-10,New York Yankees,0,Toronto Blue Jays,4
2017-8-10,Miami Marlins,2,Washington Nationals,3
2017-8-11,Chicago Cubs,8,Arizona D'Backs,3
2017-8-11,Kansas City Royals,3,Chicago White Sox,6
2017-8-11,Minnesota Twins,9,Detroit Tigers,4
2017-8-11,San Diego Padres,4,Los Angeles Dodgers,3
2017-8-11,Colorado Rockies,3,Miami Marlins,6
2017-8-11,Boston Red Sox,4,New York Yankees,5
2017-8-11,Baltimore Orioles,4,Oakland Athletics,5
2017-8-11,New York Mets,7,Philadelphia Phillies,6
2017-8-11,Los Angeles Angels,6,Seattle Mariners,5
2017-8-11,Atlanta Braves,5,St. Louis Cardinals,8
2017-8-11,Cleveland Indians,5,Tampa Bay Rays,0
2017-8-11,Houston Astros,4,Texas Rangers,6
2017-8-11,Pittsburgh Pirates,4,Toronto Blue Jays,2
2017-8-12,Chicago Cubs,2,Arizona D'Backs,6
2017-8-12,Kansas City Royals,5,Chicago White Sox,4
2017-8-12,San Diego Padres,3,Los Angeles Dodgers,6
2017-8-12,Colorado Rockies,3,Miami Marlins,4
2017-8-12,Cincinnati Reds,5,Milwaukee Brewers,6
2017-8-12,New York Mets,1,Philadelphia Phillies,3
2017-8-12,Los Angeles Angels,6,Seattle Mariners,3
2017-8-12,Atlanta Braves,5,St. Louis Cardinals,6
2017-8-12,Cleveland Indians,3,Tampa Bay Rays,0
2017-8-12,Houston Astros,3,Texas Rangers,8
2017-8-12,Pittsburgh Pirates,2,Toronto Blue Jays,7
2017-8-12,San Francisco Giants,1,Washington Nationals,3
2017-8-13,Chicago Cubs,7,Arizona D'Backs,2
2017-8-13,Minnesota Twins,6,Detroit Tigers,4
2017-8-13,San Diego Padres,4,Los Angeles Dodgers,6
2017-8-13,Colorado Rockies,3,Miami Marlins,5
2017-8-13,Cincinnati Reds,4,Milwaukee Brewers,7
2017-8-13,Boston Red Sox,3,New York Yankees,2
2017-8-13,Baltimore Orioles,3,Oakland Athletics,9
2017-8-13,New York Mets,6,Philadelphia Phillies,2
2017-8-13,Los Angeles Angels,4,Seattle Mariners,2
2017-8-13,Atlanta Braves,6,St. Louis Cardinals,3
2017-8-13,Cleveland Indians,4,Tampa Bay Rays,3
2017-8-13,Houston Astros,2,Texas Rangers,1
2017-8-13,Pittsburgh Pirates,1,Toronto Blue Jays,7
2017-8-13,San Francisco Giants,4,Washington Nationals,2
2017-8-13,San Francisco Giants,2,Washington Nationals,6
2017-8-14,Houston Astros,0,Arizona D'Backs,2
2017-8-14,Cleveland Indians,7,Boston Red Sox,3
2017-8-14,Atlanta Braves,0,Colorado Rockies,3
2017-8-14,San Francisco Giants,3,Miami Marlins,8
2017-8-14,New York Mets,2,New York Yankees,4
2017-8-14,Kansas City Royals,6,Oakland Athletics,2
2017-8-14,Philadelphia Phillies,4,San Diego Padres,7
2017-8-14,Detroit Tigers,2,Texas Rangers,6
2017-8-14,Tampa Bay Rays,1,Toronto Blue Jays,2
2017-8-15,Houston Astros,9,Arizona D'Backs,4
2017-8-15,Cincinnati Reds,2,Chicago Cubs,1
2017-8-15,Atlanta Braves,4,Colorado Rockies,3
2017-8-15,Chicago White Sox,1,Los Angeles Dodgers,6
2017-8-15,San Francisco Giants,9,Miami Marlins,4
2017-8-15,Pittsburgh Pirates,1,Milwaukee Brewers,3
2017-8-15,Cleveland Indians,8,Minnesota Twins,1
2017-8-15,New York Mets,4,New York Yankees,5
2017-8-15,Philadelphia Phillies,4,San Diego Padres,8
2017-8-15,Baltimore Orioles,1,Seattle Mariners,3
2017-8-15,Tampa Bay Rays,6,Toronto Blue Jays,4
2017-8-15,Los Angeles Angels,1,Washington Nationals,3
2017-8-16,St. Louis Cardinals,4,Boston Red Sox,5
2017-8-16,Cincinnati Reds,6,Chicago Cubs,7
2017-8-16,Arizona D'Backs,5,Houston Astros,9
2017-8-16,Chicago White Sox,4,Los Angeles Dodgers,5
2017-8-16,San Francisco Giants,1,Miami Marlins,8
2017-8-16,Pittsburgh Pirates,6,Milwaukee Brewers,7
2017-8-16,New York Yankees,5,New York Mets,3
2017-8-16,Kansas City Royals,7,Oakland Athletics,6
2017-8-16,Philadelphia Phillies,0,San Diego Padres,3
2017-8-16,Baltimore Orioles,6,Seattle Mariners,7
2017-8-16,Tampa Bay Rays,2,Toronto Blue Jays,3
2017-8-16,Los Angeles Angels,3,Washington Nationals,2
2017-8-17,Arizona D'Backs,4,Houston Astros,0
2017-8-17,Cleveland Indians,9,Minnesota Twins,3
2017-8-17,Cleveland Indians,2,Minnesota Twins,4
2017-8-17,New York Yankees,7,New York Mets,5
2017-8-17,Washington Nationals,2,San Diego Padres,1
2017-8-17,Philadelphia Phillies,4,San Francisco Giants,5
2017-8-17,Chicago White Sox,8,Texas Rangers,9
2017-8-17,Tampa Bay Rays,3,Toronto Blue Jays,5
2017-8-18,Cincinnati Reds,5,Atlanta Braves,3
2017-8-18,Los Angeles Angels,7,Baltimore Orioles,9
2017-8-18,New York Yankees,6,Boston Red Sox,9
2017-8-18,Toronto Blue Jays,4,Chicago Cubs,7
2017-8-18,Milwaukee Brewers,4,Colorado Rockies,8
2017-8-18,Los Angeles Dodgers,8,Detroit Tigers,5
2017-8-18,Oakland Athletics,1,Houston Astros,3
2017-8-18,Miami Marlins,3,New York Mets,1
2017-8-18,Washington Nationals,7,San Diego Padres,1
2017-8-18,Seattle Mariners,7,Tampa Bay Rays,1
2017-8-18,Chicago White Sox,4,Texas Rangers,3
2017-8-19,Los Angeles Angels,5,Baltimore Orioles,1
2017-8-19,New York Yankees,4,Boston Red Sox,3
2017-8-19,Toronto Blue Jays,3,Chicago Cubs,4
2017-8-19,Milwaukee Brewers,6,Colorado Rockies,3
2017-8-19,Los Angeles Dodgers,3,Detroit Tigers,0
2017-8-19,Oakland Athletics,0,Houston Astros,3
2017-8-19,Cleveland Indians,5,Kansas City Royals,0
2017-8-19,Arizona D'Backs,0,Minnesota Twins,5
2017-8-19,Miami Marlins,1,New York Mets,8
2017-8-19,St. Louis Cardinals,4,Pittsburgh Pirates,6
2017-8-19,Washington Nationals,1,San Diego Padres,3
2017-8-19,Seattle Mariners,7,Tampa Bay Rays,6
2017-8-20,Cincinnati Reds,1,Atlanta Braves,8
2017-8-20,Los Angeles Angels,5,Baltimore Orioles,4
2017-8-20,New York Yankees,1,Boston Red Sox,5
2017-8-20,Toronto Blue Jays,5,Chicago Cubs,6
2017-8-20,Milwaukee Brewers,8,Colorado Rockies,4
2017-8-20,Los Angeles Dodgers,1,Detroit Tigers,6
2017-8-20,Oakland Athletics,3,Houston Astros,2
2017-8-20,Cleveland Indians,4,Kansas City Royals,7
2017-8-20,Miami Marlins,6,New York Mets,4
2017-8-20,St. Louis Cardinals,3,Pittsburgh Pirates,6
2017-8-20,Washington Nationals,4,San Diego Padres,1
2017-8-20,Philadelphia Phillies,5,San Francisco Giants,2
2017-8-20,Seattle Mariners,0,Tampa Bay Rays,3
2017-8-20,Chicago White Sox,3,Texas Rangers,2
2017-8-21,Texas Rangers,5,Los Angeles Angels,3
2017-8-21,Seattle Mariners,6,Atlanta Braves,5
2017-8-21,Oakland Athletics,3,Baltimore Orioles,7
2017-8-21,Minnesota Twins,6,Chicago White Sox,7
2017-8-21,Boston Red Sox,4,Cleveland Indians,5
2017-8-21,Arizona D'Backs,3,New York Mets,2
2017-8-21,Los Angeles Dodgers,6,Pittsburgh Pirates,5
2017-8-21,Milwaukee Brewers,0,San Francisco Giants,2
2017-8-22,Seattle Mariners,0,Atlanta Braves,4
2017-8-22,Oakland Athletics,6,Baltimore Orioles,4
2017-8-22,Minnesota Twins,4,Chicago White Sox,1
2017-8-22,Boston Red Sox,9,Cleveland Indians,1
2017-8-22,Washington Nationals,4,Houston Astros,3
2017-8-22,Colorado Rockies,2,Kansas City Royals,3
2017-8-22,Arizona D'Backs,7,New York Mets,4
2017-8-22,Miami Marlins,7,Philadelphia Phillies,4
2017-8-22,Los Angeles Dodgers,8,Pittsburgh Pirates,5
2017-8-22,Milwaukee Brewers,4,San Francisco Giants,3
2017-8-22,Toronto Blue Jays,5,Tampa Bay Rays,6
2017-8-23,Texas Rangers,7,Los Angeles Angels,5
2017-8-23,Seattle Mariners,9,Atlanta Braves,6
2017-8-23,Oakland Athletics,7,Baltimore Orioles,8
2017-8-23,Minnesota Twins,3,Chicago White Sox,4
2017-8-23,Chicago Cubs,9,Cincinnati Reds,3
2017-8-23,Boston Red Sox,6,Cleveland Indians,1
2017-8-23,Washington Nationals,1,Houston Astros,6
2017-8-23,Colorado Rockies,4,Kansas City Royals,6
2017-8-23,Arizona D'Backs,2,New York Mets,4
2017-8-23,Miami Marlins,0,Philadelphia Phillies,8
2017-8-23,Los Angeles Dodgers,0,Pittsburgh Pirates,1
2017-8-23,Milwaukee Brewers,2,San Francisco Giants,4
2017-8-23,San Diego Padres,2,St. Louis Cardinals,6
2017-8-23,Toronto Blue Jays,7,Tampa Bay Rays,6
2017-8-24,Texas Rangers,3,Los Angeles Angels,0
2017-8-24,Minnesota Twins,1,Chicago White Sox,5
2017-8-24,Chicago Cubs,2,Cincinnati Reds,4
2017-8-24,Washington Nationals,5,Houston Astros,4
2017-8-24,Colorado Rockies,3,Kansas City Royals,2
2017-8-24,Arizona D'Backs,3,New York Mets,2
2017-8-24,Miami Marlins,9,Philadelphia Phillies,8
2017-8-24,Los Angeles Dodgers,5,Pittsburgh Pirates,2
2017-8-24,San Diego Padres,4,St. Louis Cardinals,3
2017-8-24,Toronto Blue Jays,0,Tampa Bay Rays,2
2017-8-25,Houston Astros,2,Los Angeles Angels,1
2017-8-25,San Francisco Giants,3,Arizona D'Backs,4
2017-8-25,Colorado Rockies,2,Atlanta Braves,5
2017-8-25,Detroit Tigers,2,Chicago White Sox,3
2017-8-25,Pittsburgh Pirates,5,Cincinnati Reds,9
2017-8-25,Kansas City Royals,0,Cleveland Indians,4
2017-8-25,Milwaukee Brewers,1,Los Angeles Dodgers,3
2017-8-25,San Diego Padres,6,Miami Marlins,8
2017-8-25,Seattle Mariners,2,New York Yankees,1
2017-8-25,Texas Rangers,1,Oakland Athletics,3
2017-8-25,Chicago Cubs,1,Philadelphia Phillies,7
2017-8-25,Tampa Bay Rays,7,St. Louis Cardinals,3
2017-8-25,Minnesota Twins,6,Toronto Blue Jays,1
2017-8-25,New York Mets,4,Washington Nationals,2
2017-8-26,Houston Astros,6,Los Angeles Angels,7
2017-8-26,San Francisco Giants,1,Arizona D'Backs,2
2017-8-26,Colorado Rockies,7,Atlanta Braves,6
2017-8-26,Baltimore Orioles,7,Boston Red Sox,0
2017-8-26,Detroit Tigers,6,Chicago White Sox,3
2017-8-26,Pittsburgh Pirates,1,Cincinnati Reds,0
2017-8-26,Kansas City Royals,0,Cleveland Indians,4
2017-8-26,Milwaukee Brewers,3,Los Angeles Dodgers,0
2017-8-26,San Diego Padres,1,Miami Marlins,2
2017-8-26,Seattle Mariners,3,New York Yankees,6
2017-8-26,Texas Rangers,3,Oakland Athletics,8
2017-8-26,Tampa Bay Rays,4,St. Louis Cardinals,6
2017-8-26,New York Mets,4,Washington Nationals,9
2017-8-27,Houston Astros,7,Los Angeles Angels,5
2017-8-27,Colorado Rockies,3,Atlanta Braves,0
2017-8-27,Baltimore Orioles,2,Boston Red Sox,1
2017-8-27,Detroit Tigers,1,Chicago White Sox,7
2017-8-27,Pittsburgh Pirates,5,Cincinnati Reds,2
2017-8-27,Milwaukee Brewers,3,Los Angeles Dodgers,2
2017-8-27,San Diego Padres,2,Miami Marlins,6
2017-8-27,Texas Rangers,3,Oakland Athletics,8
2017-8-27,Chicago Cubs,3,Philadelphia Phillies,6
2017-8-27,Tampa Bay Rays,3,St. Louis Cardinals,2
2017-8-27,Minnesota Twins,7,Toronto Blue Jays,2
2017-8-27,New York Mets,6,Washington Nationals,5
2017-8-27,New York Mets,4,Washington Nationals,5
2017-8-28,Oakland Athletics,1,Los Angeles Angels,3
2017-8-28,Seattle Mariners,6,Baltimore Orioles,7
2017-8-28,Pittsburgh Pirates,1,Chicago Cubs,6
2017-8-28,Detroit Tigers,4,Colorado Rockies,3
2017-8-28,Cleveland Indians,6,New York Yankees,2
2017-8-28,Atlanta Braves,1,Philadelphia Phillies,6
2017-8-28,San Francisco Giants,3,San Diego Padres,0
2017-8-28,Boston Red Sox,6,Toronto Blue Jays,5
2017-8-29,Oakland Athletics,2,Los Angeles Angels,8
2017-8-29,Los Angeles Dodgers,6,Arizona D'Backs,7
2017-8-29,Seattle Mariners,0,Baltimore Orioles,4
2017-8-29,Pittsburgh Pirates,1,Chicago Cubs,4
2017-8-29,Detroit Tigers,3,Colorado Rockies,7
2017-8-29,Tampa Bay Rays,2,Kansas City Royals,6
2017-8-29,Chicago White Sox,4,Minnesota Twins,6
2017-8-29,San Francisco Giants,3,San Diego Padres,6
2017-8-29,Boston Red Sox,3,Toronto Blue Jays,0
2017-8-29,Miami Marlins,3,Washington Nationals,8
2017-8-30,Los Angeles Dodgers,4,Arizona D'Backs,6
2017-8-30,Seattle Mariners,7,Baltimore Orioles,8
2017-8-30,New York Mets,2,Cincinnati Reds,0
2017-8-30,Detroit Tigers,6,Colorado Rockies,2
2017-8-30,Texas Rangers,8,Houston Astros,1
2017-8-30,Tampa Bay Rays,5,Kansas City Royals,3
2017-8-30,St. Louis Cardinals,5,Milwaukee Brewers,6
2017-8-30,Cleveland Indians,2,New York Yankees,1
2017-8-30,Cleveland Indians,9,New York Yankees,4
2017-8-30,Atlanta Braves,9,Philadelphia Phillies,1
2017-8-30,Atlanta Braves,5,Philadelphia Phillies,2
2017-8-30,San Francisco Giants,0,San Diego Padres,5
2017-8-30,Boston Red Sox,7,Toronto Blue Jays,1
2017-8-30,Miami Marlins,0,Washington Nationals,4
2017-8-31,Los Angeles Dodgers,1,Arizona D'Backs,8
2017-8-31,Atlanta Braves,2,Chicago Cubs,6
2017-8-31,New York Mets,2,Cincinnati Reds,7
2017-8-31,Texas Rangers,1,Houston Astros,5
2017-8-31,Philadelphia Phillies,3,Miami Marlins,2
2017-8-31,Washington Nationals,3,Milwaukee Brewers,6
2017-8-31,Chicago White Sox,4,Minnesota Twins,5
2017-8-31,Boston Red Sox,2,New York Yankees,6
2017-8-31,St. Louis Cardinals,5,San Francisco Giants,2
2017-9-1,Toronto Blue Jays,0,Baltimore Orioles,1
2017-9-1,Tampa Bay Rays,3,Chicago White Sox,1
2017-9-1,Atlanta Braves,0,Chicago Cubs,2
2017-9-1,Arizona D'Backs,9,Colorado Rockies,5
2017-9-1,Cleveland Indians,3,Detroit Tigers,2
2017-9-1,Philadelphia Phillies,2,Miami Marlins,1
2017-9-1,Washington Nationals,0,Milwaukee Brewers,1
2017-9-1,Kansas City Royals,7,Minnesota Twins,6
2017-9-1,Boston Red Sox,4,New York Yankees,1
2017-9-1,Cincinnati Reds,7,Pittsburgh Pirates,3
2017-9-1,Los Angeles Dodgers,1,San Diego Padres,0
2017-9-1,Oakland Athletics,2,Seattle Mariners,3
2017-9-2,Toronto Blue Jays,7,Baltimore Orioles,2
2017-9-2,Tampa Bay Rays,4,Chicago White Sox,5
2017-9-2,Arizona D'Backs,6,Colorado Rockies,2
2017-9-2,Cleveland Indians,5,Detroit Tigers,2
2017-9-2,New York Mets,1,Houston Astros,4
2017-9-2,Washington Nationals,3,Milwaukee Brewers,2
2017-9-2,Boston Red Sox,1,New York Yankees,5
2017-9-2,Cincinnati Reds,0,Pittsburgh Pirates,5
2017-9-2,Los Angeles Dodgers,5,San Diego Padres,6
2017-9-2,Los Angeles Dodgers,2,San Diego Padres,7
2017-9-2,Oakland Athletics,6,Seattle Mariners,7
2017-9-2,St. Louis Cardinals,1,San Francisco Giants,2
2017-9-2,Los Angeles Angels,7,Texas Rangers,4
2017-9-3,Toronto Blue Jays,4,Baltimore Orioles,5
2017-9-3,Tampa Bay Rays,2,Chicago White Sox,6
2017-9-3,Atlanta Braves,5,Chicago Cubs,1
2017-9-3,Arizona D'Backs,5,Colorado Rockies,1
2017-9-3,New York Mets,6,Houston Astros,8
2017-9-3,Philadelphia Phillies,3,Miami Marlins,1
2017-9-3,Washington Nationals,2,Milwaukee Brewers,7
2017-9-3,Kansas City Royals,5,Minnesota Twins,4
2017-9-3,Boston Red Sox,2,New York Yankees,9
2017-9-3,Cincinnati Reds,1,Pittsburgh Pirates,3
2017-9-3,Los Angeles Dodgers,4,San Diego Padres,6
2017-9-3,St. Louis Cardinals,7,San Francisco Giants,3
2017-9-3,Los Angeles Angels,6,Texas Rangers,7
2017-9-4,Texas Rangers,8,Atlanta Braves,2
2017-9-4,New York Yankees,7,Baltimore Orioles,4
2017-9-4,Cleveland Indians,5,Chicago White Sox,3
2017-9-4,Milwaukee Brewers,4,Cincinnati Reds,5
2017-9-4,San Francisco Giants,3,Colorado Rockies,4
2017-9-4,Kansas City Royals,7,Detroit Tigers,6
2017-9-4,Washington Nationals,7,Miami Marlins,2
2017-9-4,St. Louis Cardinals,2,San Diego Padres,0
2017-9-4,Houston Astros,6,Seattle Mariners,2
2017-9-5,New York Yankees,6,Baltimore Orioles,7
2017-9-5,Toronto Blue Jays,2,Boston Red Sox,3
2017-9-5,Cleveland Indians,9,Chicago White Sox,4
2017-9-5,Milwaukee Brewers,3,Cincinnati Reds,9
2017-9-5,San Francisco Giants,6,Colorado Rockies,9
2017-9-5,Arizona D'Backs,3,Los Angeles Dodgers,1
2017-9-5,Washington Nationals,2,Miami Marlins,1
2017-9-5,Philadelphia Phillies,9,New York Mets,1
2017-9-5,Los Angeles Angels,8,Oakland Athletics,7
2017-9-5,Chicago Cubs,3,Pittsburgh Pirates,4
2017-9-5,St. Louis Cardinals,8,San Diego Padres,4
2017-9-5,Houston Astros,3,Seattle Mariners,1
2017-9-5,Minnesota Twins,1,Tampa Bay Rays,2
2017-9-6,Texas Rangers,4,Atlanta Braves,5
2017-9-6,Toronto Blue Jays,1,Boston Red Sox,6
2017-9-6,Cleveland Indians,5,Chicago White Sox,1
2017-9-6,Milwaukee Brewers,1,Cincinnati Reds,7
2017-9-6,Arizona D'Backs,3,Los Angeles Dodgers,1
2017-9-6,Washington Nationals,8,Miami Marlins,1
2017-9-6,Philadelphia Phillies,3,New York Mets,6
2017-9-6,Los Angeles Angels,1,Oakland Athletics,3
2017-9-6,Chicago Cubs,1,Pittsburgh Pirates,0
2017-9-6,St. Louis Cardinals,3,San Diego Padres,1
2017-9-6,Houston Astros,5,Seattle Mariners,3
2017-9-7,Miami Marlins,5,Atlanta Braves,6
2017-9-7,New York Yankees,9,Baltimore Orioles,1
2017-9-7,Minnesota Twins,4,Kansas City Royals,2
2017-9-7,Colorado Rockies,9,Los Angeles Dodgers,1
2017-9-7,Cincinnati Reds,2,New York Mets,7
2017-9-7,Chicago Cubs,8,Pittsburgh Pirates,2
2017-9-7,St. Louis Cardinals,0,San Diego Padres,3
2017-9-7,Philadelphia Phillies,3,Washington Nationals,4
2017-9-8,Miami Marlins,7,Atlanta Braves,1
2017-9-8,Tampa Bay Rays,3,Boston Red Sox,9
2017-9-8,San Francisco Giants,9,Chicago White Sox,2
2017-9-8,Milwaukee Brewers,2,Chicago Cubs,0
2017-9-8,Baltimore Orioles,0,Cleveland Indians,5
2017-9-8,Minnesota Twins,8,Kansas City Royals,5
2017-9-8,Colorado Rockies,5,Los Angeles Dodgers,4
2017-9-8,Cincinnati Reds,1,New York Mets,5
2017-9-8,Houston Astros,8,Oakland Athletics,9
2017-9-8,Los Angeles Angels,3,Seattle Mariners,4
2017-9-8,Pittsburgh Pirates,1,St. Louis Cardinals,4
2017-9-8,Detroit Tigers,5,Toronto Blue Jays,4
2017-9-9,San Diego Padres,8,Arizona D'Backs,7
2017-9-9,Miami Marlins,5,Atlanta Braves,6
2017-9-9,Tampa Bay Rays,0,Boston Red Sox,9
2017-9-9,Baltimore Orioles,2,Cleveland Indians,4
2017-9-9,Minnesota Twins,2,Kansas City Royals,5
2017-9-9,Colorado Rockies,6,Los Angeles Dodgers,5
2017-9-9,Cincinnati Reds,1,New York Mets,6
2017-9-9,Los Angeles Angels,1,Seattle Mariners,8
2017-9-9,Pittsburgh Pirates,3,St. Louis Cardinals,4
2017-9-9,New York Yankees,3,Texas Rangers,1
2017-9-9,Detroit Tigers,4,Toronto Blue Jays,5
2017-9-9,Philadelphia Phillies,5,Washington Nationals,4
2017-9-10,San Diego Padres,2,Arizona D'Backs,3
2017-9-10,Tampa Bay Rays,4,Boston Red Sox,1
2017-9-10,San Francisco Giants,1,Chicago White Sox,8
2017-9-10,Milwaukee Brewers,3,Chicago Cubs,1
2017-9-10,Baltimore Orioles,2,Cleveland Indians,3
2017-9-10,Colorado Rockies,8,Los Angeles Dodgers,1
2017-9-10,Los Angeles Angels,5,Seattle Mariners,3
2017-9-10,Pittsburgh Pirates,0,St. Louis Cardinals,7
2017-9-10,Detroit Tigers,2,Toronto Blue Jays,8
2017-9-10,Philadelphia Phillies,2,Washington Nationals,3
2017-9-11,Colorado Rockies,5,Arizona D'Backs,4
2017-9-11,Pittsburgh Pirates,7,Milwaukee Brewers,0
2017-9-11,Los Angeles Dodgers,6,San Francisco Giants,8
2017-9-11,New York Yankees,5,Tampa Bay Rays,1
2017-9-11,Seattle Mariners,3,Texas Rangers,5
2017-9-11,Baltimore Orioles,3,Toronto Blue Jays,4
2017-9-12,Houston Astros,1,Los Angeles Angels,0
2017-9-12,Colorado Rockies,4,Arizona D'Backs,2
2017-9-12,New York Mets,3,Chicago Cubs,8
2017-9-12,Detroit Tigers,0,Cleveland Indians,2
2017-9-12,Chicago White Sox,3,Kansas City Royals,4
2017-9-12,Pittsburgh Pirates,2,Milwaukee Brewers,5
2017-9-12,Miami Marlins,8,Philadelphia Phillies,9
2017-9-12,Los Angeles Dodgers,5,San Francisco Giants,3
2017-9-12,New York Yankees,1,Tampa Bay Rays,2
2017-9-12,Baltimore Orioles,2,Toronto Blue Jays,3
2017-9-12,Atlanta Braves,8,Washington Nationals,0
2017-9-13,Houston Astros,1,Los Angeles Angels,9
2017-9-13,Colorado Rockies,2,Arizona D'Backs,8
2017-9-13,Oakland Athletics,7,Boston Red Sox,3
2017-9-13,Detroit Tigers,3,Cleveland Indians,5
2017-9-13,Chicago White Sox,5,Kansas City Royals,3
2017-9-13,Pittsburgh Pirates,2,Milwaukee Brewers,8
2017-9-13,San Diego Padres,1,Minnesota Twins,3
2017-9-13,Miami Marlins,1,Philadelphia Phillies,8
2017-9-13,Los Angeles Dodgers,4,San Francisco Giants,1
2017-9-13,Cincinnati Reds,6,St. Louis Cardinals,0
2017-9-13,New York Yankees,3,Tampa Bay Rays,2
2017-9-13,Seattle Mariners,8,Texas Rangers,1
2017-9-13,Baltimore Orioles,2,Toronto Blue Jays,1
2017-9-13,Atlanta Braves,8,Washington Nationals,2
2017-9-14,Houston Astros,5,Los Angeles Angels,2
2017-9-14,Colorado Rockies,0,Arizona D'Backs,7
2017-9-14,Oakland Athletics,2,Boston Red Sox,6
2017-9-14,Kansas City Royals,2,Cleveland Indians,3
2017-9-14,Toronto Blue Jays,2,Minnesota Twins,3
2017-9-14,Cincinnati Reds,2,St. Louis Cardinals,5
2017-9-14,Atlanta Braves,2,Washington Nationals,5
2017-9-15,Texas Rangers,6,Los Angeles Angels,7
2017-9-15,New York Mets,2,Atlanta Braves,3
2017-9-15,St. Louis Cardinals,2,Chicago Cubs,8
2017-9-15,Pittsburgh Pirates,2,Cincinnati Reds,4
2017-9-15,Kansas City Royals,4,Cleveland Indians,3
2017-9-15,San Diego Padres,1,Colorado Rockies,6
2017-9-15,Chicago White Sox,2,Detroit Tigers,3
2017-9-15,Seattle Mariners,2,Houston Astros,5
2017-9-15,Toronto Blue Jays,4,Minnesota Twins,3
2017-9-15,Baltimore Orioles,2,New York Yankees,8
2017-9-15,Oakland Athletics,4,Philadelphia Phillies,0
2017-9-15,Arizona D'Backs,3,San Francisco Giants,2
2017-9-15,Los Angeles Dodgers,7,Washington Nationals,0
2017-9-16,Texas Rangers,0,Los Angeles Angels,2
2017-9-16,New York Mets,7,Atlanta Braves,3
2017-9-16,St. Louis Cardinals,1,Chicago Cubs,4
2017-9-16,Pittsburgh Pirates,1,Cincinnati Reds,2
2017-9-16,Kansas City Royals,4,Cleveland Indians,8
2017-9-16,Seattle Mariners,6,Houston Astros,8
2017-9-16,Milwaukee Brewers,4,Miami Marlins,7
2017-9-16,Toronto Blue Jays,7,Minnesota Twins,2
2017-9-16,Baltimore Orioles,3,New York Yankees,9
2017-9-16,Oakland Athletics,3,Philadelphia Phillies,5
2017-9-16,Arizona D'Backs,2,San Francisco Giants,0
2017-9-16,Boston Red Sox,3,Tampa Bay Rays,1
2017-9-16,Los Angeles Dodgers,3,Washington Nationals,2
2017-9-17,Texas Rangers,4,Los Angeles Angels,2
2017-9-17,New York Mets,5,Atlanta Braves,1
2017-9-17,St. Louis Cardinals,3,Chicago Cubs,4
2017-9-17,Pittsburgh Pirates,2,Cincinnati Reds,5
2017-9-17,Kansas City Royals,2,Cleveland Indians,3
2017-9-17,San Diego Padres,4,Colorado Rockies,3
2017-9-17,Seattle Mariners,1,Houston Astros,7
2017-9-17,Baltimore Orioles,6,New York Yankees,4
2017-9-17,Oakland Athletics,6,Philadelphia Phillies,3
2017-9-17,Arizona D'Backs,2,San Francisco Giants,7
2017-9-17,Boston Red Sox,2,Tampa Bay Rays,3
2017-9-17,Los Angeles Dodgers,1,Washington Nationals,7
2017-9-18,Oakland Athletics,8,Detroit Tigers,3
2017-9-18,Minnesota Twins,1,New York Yankees,2
2017-9-18,Los Angeles Dodgers,3,Philadelphia Phillies,4
2017-9-18,Milwaukee Brewers,3,Pittsburgh Pirates,0
2017-9-18,Arizona D'Backs,2,San Diego Padres,4
2017-9-19,Cleveland Indians,6,Los Angeles Angels,3
2017-9-19,Washington Nationals,4,Atlanta Braves,2
2017-9-19,Boston Red Sox,1,Baltimore Orioles,0
2017-9-19,St. Louis Cardinals,8,Cincinnati Reds,7
2017-9-19,Oakland Athletics,9,Detroit Tigers,8
2017-9-19,Chicago White Sox,1,Houston Astros,3
2017-9-19,New York Mets,4,Miami Marlins,5
2017-9-19,Minnesota Twins,2,New York Yankees,5
2017-9-19,Los Angeles Dodgers,2,Philadelphia Phillies,6
2017-9-19,Milwaukee Brewers,1,Pittsburgh Pirates,0
2017-9-19,Arizona D'Backs,2,San Diego Padres,6
2017-9-19,Texas Rangers,3,Seattle Mariners,1
2017-9-19,Colorado Rockies,3,San Francisco Giants,4
2017-9-19,Chicago Cubs,2,Tampa Bay Rays,1
2017-9-19,Kansas City Royals,2,Toronto Blue Jays,5
2017-9-20,Cleveland Indians,6,Los Angeles Angels,5
2017-9-20,Washington Nationals,7,Atlanta Braves,3
2017-9-20,Boston Red Sox,9,Baltimore Orioles,0
2017-9-20,St. Louis Cardinals,9,Cincinnati Reds,2
2017-9-20,Oakland Athletics,3,Detroit Tigers,2
2017-9-20,Chicago White Sox,3,Houston Astros,4
2017-9-20,New York Mets,2,Miami Marlins,9
2017-9-20,Los Angeles Dodgers,5,Philadelphia Phillies,7
2017-9-20,Milwaukee Brewers,4,Pittsburgh Pirates,6
2017-9-20,Texas Rangers,8,Seattle Mariners,6
2017-9-20,Colorado Rockies,0,San Francisco Giants,4
2017-9-20,Chicago Cubs,1,Tampa Bay Rays,8
2017-9-21,Cleveland Indians,4,Los Angeles Angels,1
2017-9-21,Washington Nationals,2,Atlanta Braves,3
2017-9-21,Tampa Bay Rays,1,Baltimore Orioles,3
2017-9-21,St. Louis Cardinals,8,Cincinnati Reds,5
2017-9-21,Chicago White Sox,3,Houston Astros,1
2017-9-21,Chicago Cubs,5,Milwaukee Brewers,3
2017-9-21,Los Angeles Dodgers,5,Philadelphia Phillies,4
2017-9-21,Colorado Rockies,0,San Diego Padres,3
2017-9-21,Texas Rangers,4,Seattle Mariners,2
2017-9-21,Kansas City Royals,1,Toronto Blue Jays,0
2017-9-22,Philadelphia Phillies,2,Atlanta Braves,7
2017-9-22,Tampa Bay Rays,8,Baltimore Orioles,3
2017-9-22,Kansas City Royals,6,Chicago White Sox,7
2017-9-22,Boston Red Sox,5,Cincinnati Reds,4
2017-9-22,Minnesota Twins,7,Detroit Tigers,3
2017-9-22,Los Angeles Angels,0,Houston Astros,3
2017-9-22,San Francisco Giants,2,Los Angeles Dodgers,4
2017-9-22,Chicago Cubs,5,Milwaukee Brewers,4
2017-9-22,Washington Nationals,6,New York Mets,7
2017-9-22,Texas Rangers,1,Oakland Athletics,4
2017-9-22,St. Louis Cardinals,4,Pittsburgh Pirates,3
2017-9-22,Colorado Rockies,4,San Diego Padres,1
2017-9-22,Cleveland Indians,1,Seattle Mariners,3
2017-9-22,New York Yankees,1,Toronto Blue Jays,8
2017-9-23,Philadelphia Phillies,2,Atlanta Braves,4
2017-9-23,Tampa Bay Rays,9,Baltimore Orioles,6
2017-9-23,Kansas City Royals,8,Chicago White Sox,2
2017-9-23,Boston Red Sox,5,Cincinnati Reds,0
2017-9-23,Los Angeles Angels,2,Houston Astros,6
2017-9-23,San Francisco Giants,2,Los Angeles Dodgers,1
2017-9-23,Chicago Cubs,3,Milwaukee Brewers,4
2017-9-23,Washington Nationals,4,New York Mets,3
2017-9-23,Texas Rangers,0,Oakland Athletics,1
2017-9-23,Colorado Rockies,0,San Diego Padres,5
2017-9-23,New York Yankees,5,Toronto Blue Jays,1
2017-9-24,Miami Marlins,2,Arizona D'Backs,3
2017-9-24,Philadelphia Phillies,2,Atlanta Braves,0
2017-9-24,Tampa Bay Rays,4,Baltimore Orioles,9
2017-9-24,Kansas City Royals,1,Chicago White Sox,8
2017-9-24,Boston Red Sox,5,Cincinnati Reds,4
2017-9-24,Los Angeles Angels,7,Houston Astros,5
2017-9-24,San Francisco Giants,1,Los Angeles Dodgers,3
2017-9-24,Chicago Cubs,5,Milwaukee Brewers,0
2017-9-24,Washington Nationals,3,New York Mets,2
2017-9-24,Texas Rangers,1,Oakland Athletics,8
2017-9-24,St. Louis Cardinals,1,Pittsburgh Pirates,4
2017-9-24,Colorado Rockies,8,San Diego Padres,4
2017-9-24,Cleveland Indians,4,Seattle Mariners,2
2017-9-24,New York Yankees,5,Toronto Blue Jays,9
2017-9-25,San Francisco Giants,9,Arizona D'Backs,2
2017-9-25,Toronto Blue Jays,6,Boston Red Sox,4
2017-9-25,Los Angeles Angels,2,Chicago White Sox,4
2017-9-25,Miami Marlins,5,Colorado Rockies,4
2017-9-25,San Diego Padres,3,Los Angeles Dodgers,9
2017-9-25,Atlanta Braves,9,New York Mets,2
2017-9-25,Atlanta Braves,2,New York Mets,3
2017-9-25,Seattle Mariners,7,Oakland Athletics,1
2017-9-25,Washington Nationals,3,Philadelphia Phillies,1
2017-9-26,Toronto Blue Jays,9,Boston Red Sox,4
2017-9-26,Los Angeles Angels,9,Chicago White Sox,3
2017-9-26,Minnesota Twins,8,Cleveland Indians,6
2017-9-26,Miami Marlins,0,Colorado Rockies,6
2017-9-26,Detroit Tigers,1,Kansas City Royals,2
2017-9-26,San Diego Padres,2,Los Angeles Dodgers,9
2017-9-26,Cincinnati Reds,6,Milwaukee Brewers,7
2017-9-26,Tampa Bay Rays,1,New York Yankees,6
2017-9-26,Atlanta Braves,3,New York Mets,4
2017-9-26,Seattle Mariners,6,Oakland Athletics,3
2017-9-26,Washington Nationals,1,Philadelphia Phillies,4
2017-9-26,Chicago Cubs,7,St. Louis Cardinals,8
2017-9-27,San Francisco Giants,3,Arizona D'Backs,4
2017-9-27,Los Angeles Angels,4,Chicago White Sox,6
2017-9-27,Minnesota Twins,2,Cleveland Indians,4
2017-9-27,Detroit Tigers,4,Kansas City Royals,7
2017-9-27,Cincinnati Reds,6,Milwaukee Brewers,0
2017-9-27,Tampa Bay Rays,1,New York Yankees,6
2017-9-27,Atlanta Braves,1,New York Mets,7
2017-9-27,Seattle Mariners,5,Oakland Athletics,6
2017-9-27,Washington Nationals,5,Philadelphia Phillies,7
2017-9-27,Baltimore Orioles,3,Pittsburgh Pirates,5
2017-9-27,Chicago Cubs,5,St. Louis Cardinals,1
2017-9-28,Los Angeles Angels,4,Chicago White Sox,5
2017-9-28,Minnesota Twins,2,Cleveland Indians,5
2017-9-28,Detroit Tigers,4,Kansas City Royals,1
2017-9-28,Atlanta Braves,1,Miami Marlins,7
2017-9-28,Cincinnati Reds,3,Milwaukee Brewers,4
2017-9-28,Tampa Bay Rays,9,New York Yankees,6
2017-9-28,Chicago Cubs,2,St. Louis Cardinals,1
2017-9-28,Oakland Athletics,4,Texas Rangers,1
2017-9-28,Pittsburgh Pirates,4,Washington Nationals,5
2017-9-29,Seattle Mariners,5,Los Angeles Angels,6
2017-9-29,Houston Astros,3,Boston Red Sox,2
2017-9-29,Cincinnati Reds,4,Chicago Cubs,5
2017-9-29,Los Angeles Dodgers,1,Colorado Rockies,9
2017-9-29,Arizona D'Backs,1,Kansas City Royals,2
2017-9-29,Atlanta Braves,5,Miami Marlins,6
2017-9-29,Detroit Tigers,3,Minnesota Twins,6
2017-9-29,Toronto Blue Jays,0,New York Yankees,4
2017-9-29,New York Mets,2,Philadelphia Phillies,6
2017-9-29,San Diego Padres,0,San Francisco Giants,8
2017-9-29,Milwaukee Brewers,5,St. Louis Cardinals,3
2017-9-29,Baltimore Orioles,0,Tampa Bay Rays,7
2017-9-29,Oakland Athletics,3,Texas Rangers,5
2017-9-29,Pittsburgh Pirates,1,Washington Nationals,6
2017-9-30,Seattle Mariners,6,Los Angeles Angels,4
2017-9-30,Houston Astros,3,Boston Red Sox,6
2017-9-30,Cincinnati Reds,0,Chicago Cubs,9
2017-9-30,Chicago White Sox,2,Cleveland Indians,1
2017-9-30,Los Angeles Dodgers,5,Colorado Rockies,3
2017-9-30,Arizona D'Backs,3,Kansas City Royals,4
2017-9-30,Detroit Tigers,3,Minnesota Twins,2
2017-9-30,Toronto Blue Jays,1,New York Yankees,2
2017-9-30,New York Mets,7,Philadelphia Phillies,4
2017-9-30,San Diego Padres,3,San Francisco Giants,2
2017-9-30,Milwaukee Brewers,6,St. Louis Cardinals,7
2017-9-30,Baltimore Orioles,3,Tampa Bay Rays,4
2017-9-30,Oakland Athletics,4,Texas Rangers,8
2017-9-30,Pittsburgh Pirates,4,Washington Nationals,1
2017-10-1,Seattle Mariners,2,Los Angeles Angels,6
2017-10-1,Houston Astros,4,Boston Red Sox,3
2017-10-1,Cincinnati Reds,3,Chicago Cubs,1
2017-10-1,Chicago White Sox,1,Cleveland Indians,3
2017-10-1,Los Angeles Dodgers,6,Colorado Rockies,3
2017-10-1,Atlanta Braves,8,Miami Marlins,5
2017-10-1,Detroit Tigers,1,Minnesota Twins,5
2017-10-1,Toronto Blue Jays,2,New York Yankees,1
2017-10-1,San Diego Padres,4,San Francisco Giants,5
2017-10-1,Milwaukee Brewers,6,St. Louis Cardinals,1
2017-10-1,Baltimore Orioles,0,Tampa Bay Rays,6
2017-10-1,Oakland Athletics,5,Texas Rangers,2
